Date,Close,Volume
3-Jan-05,4.98,46700
4-Jan-05,4.96,34900
5-Jan-05,4.93,38400
6-Jan-05,4.9,13100
7-Jan-05,4.89,8700
10-Jan-05,4.85,20200
11-Jan-05,4.82,24400
12-Jan-05,4.88,10000
13-Jan-05,4.9,14700
14-Jan-05,4.89,20000
18-Jan-05,5.0,65800
19-Jan-05,5.01,29700
20-Jan-05,5.0,235100
21-Jan-05,4.96,39800
24-Jan-05,4.85,35100
25-Jan-05,4.94,20300
26-Jan-05,4.98,27700
27-Jan-05,4.95,19700
28-Jan-05,4.95,29400
31-Jan-05,4.97,33300
1-Feb-05,4.97,35600
2-Feb-05,4.98,21900
3-Feb-05,4.99,58000
4-Feb-05,4.99,82300
7-Feb-05,5.02,29800
8-Feb-05,5.04,19500
9-Feb-05,4.97,28500
10-Feb-05,5.05,24500
11-Feb-05,5.07,17800
14-Feb-05,5.05,31800
15-Feb-05,5.09,19400
16-Feb-05,5.12,20600
17-Feb-05,5.28,33100
18-Feb-05,5.34,25200
22-Feb-05,5.39,42000
23-Feb-05,5.53,63800
24-Feb-05,5.61,31600
25-Feb-05,5.23,119500
28-Feb-05,5.0,146200
1-Mar-05,5.05,88800
2-Mar-05,5.06,39000
3-Mar-05,5.08,16900
4-Mar-05,5.13,37300
7-Mar-05,5.1,48800
8-Mar-05,5.1,29800
9-Mar-05,5.12,25000
10-Mar-05,5.12,20000
11-Mar-05,5.12,25900
14-Mar-05,5.14,8100
15-Mar-05,5.18,43100
16-Mar-05,5.15,26900
17-Mar-05,5.2,148900
18-Mar-05,5.31,99500
21-Mar-05,5.35,36300
22-Mar-05,5.4,45600
23-Mar-05,5.45,37500
24-Mar-05,5.6,51200
28-Mar-05,5.55,123500
29-Mar-05,5.5,25300
30-Mar-05,5.51,18900
31-Mar-05,5.57,35800
1-Apr-05,5.52,40600
4-Apr-05,5.57,40900
5-Apr-05,5.54,51700
6-Apr-05,5.55,39100
7-Apr-05,5.52,104900
8-Apr-05,5.56,80800
11-Apr-05,5.55,31800
12-Apr-05,5.54,47000
13-Apr-05,5.45,53000
14-Apr-05,5.51,53300
15-Apr-05,5.5,44500
18-Apr-05,5.85,70200
19-Apr-05,6.2,108800
20-Apr-05,6.1,64500
21-Apr-05,6.1,53900
22-Apr-05,6.01,25300
25-Apr-05,6.05,56800
26-Apr-05,6.04,17600
27-Apr-05,6.0,42100
28-Apr-05,6.02,14500
29-Apr-05,6.0,81500
2-May-05,6.1,108400
3-May-05,6.19,30700
4-May-05,6.14,22200
5-May-05,6.0,31300
6-May-05,6.0,37800
9-May-05,6.0,42100
10-May-05,6.02,31500
11-May-05,5.87,45400
12-May-05,5.55,63600
13-May-05,5.55,34100
16-May-05,5.44,67800
17-May-05,5.75,87400
18-May-05,5.7,29500
19-May-05,5.66,38000
20-May-05,5.54,20200
23-May-05,5.66,13100
24-May-05,5.63,32600
25-May-05,5.58,15300
26-May-05,5.67,13300
27-May-05,5.68,5900
31-May-05,5.88,7400
1-Jun-05,5.83,13500
2-Jun-05,5.8,28900
3-Jun-05,5.9,29000
6-Jun-05,5.83,13100
7-Jun-05,5.95,8200
8-Jun-05,6.0,9300
9-Jun-05,5.98,45100
10-Jun-05,5.9,10900
13-Jun-05,6.01,40000
14-Jun-05,5.99,29200
15-Jun-05,5.97,19000
16-Jun-05,5.97,9300
17-Jun-05,6.02,40600
20-Jun-05,5.91,25000
21-Jun-05,5.88,24200
22-Jun-05,5.84,14700
23-Jun-05,5.9,16700
24-Jun-05,5.92,5400
27-Jun-05,6.0,7300
28-Jun-05,6.0,38700
29-Jun-05,6.0,23800
30-Jun-05,6.05,15800
1-Jul-05,6.03,7700
5-Jul-05,6.34,31400
6-Jul-05,6.22,17400
7-Jul-05,6.28,6400
8-Jul-05,6.48,18900
11-Jul-05,6.38,18100
12-Jul-05,6.26,13700
13-Jul-05,6.4,43500
14-Jul-05,6.38,27100
15-Jul-05,6.38,9500
18-Jul-05,6.35,5400
19-Jul-05,6.35,7700
20-Jul-05,6.34,6900
21-Jul-05,6.34,6700
22-Jul-05,6.34,10100
25-Jul-05,6.3,45400
26-Jul-05,6.34,11900
27-Jul-05,6.38,22400
28-Jul-05,6.35,7200
29-Jul-05,6.32,7100
1-Aug-05,6.38,18000
2-Aug-05,6.37,15800
3-Aug-05,6.39,3500
4-Aug-05,6.37,8300
5-Aug-05,6.5,18300
8-Aug-05,6.4,15300
9-Aug-05,6.49,8600
10-Aug-05,6.5,26600
11-Aug-05,6.5,20900
12-Aug-05,6.54,17100
15-Aug-05,6.33,44700
16-Aug-05,6.36,26100
17-Aug-05,6.46,15200
18-Aug-05,6.51,38300
19-Aug-05,6.5,17100
22-Aug-05,6.5,15600
23-Aug-05,6.44,11600
24-Aug-05,6.34,29300
25-Aug-05,6.17,35100
26-Aug-05,6.15,38000
29-Aug-05,6.18,37900
30-Aug-05,6.25,26200
31-Aug-05,6.25,28300
1-Sep-05,6.31,9300
2-Sep-05,6.28,7000
6-Sep-05,6.4,20700
7-Sep-05,6.4,6900
8-Sep-05,6.58,31800
9-Sep-05,6.58,28500
12-Sep-05,6.62,10400
13-Sep-05,6.68,13100
14-Sep-05,6.66,10700
15-Sep-05,6.7,22700
16-Sep-05,6.63,12600
19-Sep-05,6.39,37100
20-Sep-05,6.37,57900
21-Sep-05,6.38,49900
22-Sep-05,6.41,13500
23-Sep-05,6.39,6400
26-Sep-05,6.4,12300
27-Sep-05,6.41,6200
28-Sep-05,6.25,19400
29-Sep-05,6.31,21900
30-Sep-05,6.34,20500
3-Oct-05,6.26,42900
4-Oct-05,6.21,39700
5-Oct-05,6.22,26200
6-Oct-05,6.25,45000
7-Oct-05,6.25,23800
10-Oct-05,6.2,4600
11-Oct-05,6.2,19700
12-Oct-05,6.15,33000
13-Oct-05,6.14,10700
14-Oct-05,6.17,7900
17-Oct-05,6.17,9100
18-Oct-05,6.18,15700
19-Oct-05,6.24,14300
20-Oct-05,6.1,42100
21-Oct-05,6.08,25200
24-Oct-05,6.0,19300
25-Oct-05,5.96,33600
26-Oct-05,6.01,39500
27-Oct-05,6.03,13600
28-Oct-05,6.02,8200
31-Oct-05,6.04,13900
1-Nov-05,6.32,109500
2-Nov-05,6.36,21200
3-Nov-05,6.36,14800
4-Nov-05,6.38,10100
7-Nov-05,6.28,10100
8-Nov-05,6.1,48200
9-Nov-05,6.12,39000
10-Nov-05,6.1,30200
11-Nov-05,6.1,49600
14-Nov-05,6.05,19900
15-Nov-05,6.08,17000
16-Nov-05,5.91,20400
17-Nov-05,5.7,26900
18-Nov-05,5.49,57600
21-Nov-05,5.23,71700
22-Nov-05,5.17,34300
23-Nov-05,5.17,22400
25-Nov-05,5.2,2000
28-Nov-05,5.18,35800
29-Nov-05,5.2,19000
30-Nov-05,5.19,9100
1-Dec-05,5.24,29700
2-Dec-05,5.19,81800
5-Dec-05,5.06,22900
6-Dec-05,5.08,12600
7-Dec-05,5.11,58500
8-Dec-05,5.09,31700
9-Dec-05,5.05,11500
12-Dec-05,5.16,104800
13-Dec-05,5.12,9700
14-Dec-05,5.15,61800
15-Dec-05,5.1,43700
16-Dec-05,5.13,4900
19-Dec-05,5.3,56900
20-Dec-05,5.24,10800
21-Dec-05,5.12,8100
22-Dec-05,5.07,34500
23-Dec-05,5.05,26900
27-Dec-05,5.0,29600
28-Dec-05,5.0,25200
29-Dec-05,4.8,16300
30-Dec-05,5.0,38300
3-Jan-06,4.98,12600
4-Jan-06,5.19,45800
5-Jan-06,5.04,27400
6-Jan-06,5.0,25600
9-Jan-06,4.99,22300
10-Jan-06,4.97,31500
11-Jan-06,4.99,12300
12-Jan-06,4.99,17700
13-Jan-06,4.9,48800
17-Jan-06,4.9,15200
18-Jan-06,4.85,18200
19-Jan-06,4.94,17800
20-Jan-06,4.94,7400
23-Jan-06,4.96,32600
24-Jan-06,4.93,12400
25-Jan-06,4.93,20000
26-Jan-06,4.98,13800
27-Jan-06,5.01,41500
30-Jan-06,4.99,12900
31-Jan-06,5.0,15200
1-Feb-06,4.93,26000
2-Feb-06,4.93,8600
3-Feb-06,4.86,3400
6-Feb-06,4.86,3900
7-Feb-06,4.86,25000
8-Feb-06,4.89,10400
9-Feb-06,5.05,38200
10-Feb-06,5.0,4600
13-Feb-06,4.93,5700
14-Feb-06,4.99,1200
15-Feb-06,5.0,159700
16-Feb-06,5.0,48100
17-Feb-06,4.98,12800
21-Feb-06,4.99,6100
22-Feb-06,4.97,53900
23-Feb-06,4.96,21400
24-Feb-06,5.0,7000
27-Feb-06,4.99,5600
28-Feb-06,4.96,2100
1-Mar-06,4.93,2700
2-Mar-06,5.0,12500
3-Mar-06,5.03,9500
6-Mar-06,4.98,5500
7-Mar-06,4.99,11200
8-Mar-06,4.96,4200
9-Mar-06,4.9,3900
10-Mar-06,5.02,44600
13-Mar-06,4.99,35300
14-Mar-06,4.9,26600
15-Mar-06,4.89,44100
16-Mar-06,4.87,12800
17-Mar-06,4.85,7100
20-Mar-06,4.78,36600
21-Mar-06,4.81,58400
22-Mar-06,4.82,29100
23-Mar-06,4.8,22000
24-Mar-06,4.8,13500
27-Mar-06,4.84,52300
28-Mar-06,4.82,11300
29-Mar-06,4.83,41300
30-Mar-06,4.79,87800
31-Mar-06,4.8,16700
3-Apr-06,4.81,56400
4-Apr-06,4.82,49600
5-Apr-06,4.8,13200
6-Apr-06,4.82,19200
7-Apr-06,4.84,10600
10-Apr-06,4.8,21700
11-Apr-06,4.75,45400
12-Apr-06,4.73,31400
13-Apr-06,4.69,9500
17-Apr-06,4.73,55100
18-Apr-06,4.72,15800
19-Apr-06,4.79,14500
20-Apr-06,4.75,65200
21-Apr-06,4.79,98100
24-Apr-06,4.73,15600
25-Apr-06,4.74,33500
26-Apr-06,4.76,7100
27-Apr-06,4.75,11300
28-Apr-06,4.69,18600
1-May-06,4.67,33800
2-May-06,4.65,16800
3-May-06,4.8,83900
4-May-06,4.85,74700
5-May-06,5.04,127900
8-May-06,5.0,91300
9-May-06,5.07,51600
10-May-06,5.05,23900
11-May-06,5.01,11400
12-May-06,4.96,19400
15-May-06,5.0,30800
16-May-06,4.9,18000
17-May-06,4.89,22500
18-May-06,4.86,1100
19-May-06,4.85,5500
22-May-06,4.85,7200
23-May-06,4.85,18200
24-May-06,4.8,33900
25-May-06,4.81,33100
26-May-06,4.84,39700
30-May-06,4.82,6500
31-May-06,4.75,11500
1-Jun-06,4.8,5500
2-Jun-06,4.8,26300
5-Jun-06,4.99,73700
6-Jun-06,4.86,8000
7-Jun-06,4.91,6300
8-Jun-06,4.84,17500
9-Jun-06,4.91,3100
12-Jun-06,4.86,16800
13-Jun-06,4.85,5900
14-Jun-06,4.78,22100
15-Jun-06,4.68,31300
16-Jun-06,4.79,22800
19-Jun-06,4.65,7600
20-Jun-06,4.69,3800
21-Jun-06,4.55,18800
22-Jun-06,4.5,45300
23-Jun-06,4.51,34300
26-Jun-06,4.52,13900
27-Jun-06,4.5,23700
28-Jun-06,4.5,9200
29-Jun-06,4.55,17300
30-Jun-06,4.59,37500
3-Jul-06,4.59,10200
5-Jul-06,4.35,53300
6-Jul-06,4.4,217900
7-Jul-06,4.5,130600
10-Jul-06,4.46,57800
11-Jul-06,4.44,12600
12-Jul-06,4.4,34500
13-Jul-06,4.31,127200
14-Jul-06,4.24,11900
17-Jul-06,4.2,55100
18-Jul-06,4.18,35100
19-Jul-06,4.4,25900
20-Jul-06,4.25,41600
21-Jul-06,4.16,57800
24-Jul-06,4.21,4700
25-Jul-06,4.28,22000
26-Jul-06,4.22,30500
27-Jul-06,4.23,14400
28-Jul-06,4.26,24900
31-Jul-06,4.2,11000
1-Aug-06,4.12,28800
2-Aug-06,4.18,9700
3-Aug-06,4.24,3600
4-Aug-06,4.18,4900
7-Aug-06,4.38,28500
8-Aug-06,4.39,24700
9-Aug-06,4.41,1400
10-Aug-06,4.4,2700
11-Aug-06,4.47,12600
14-Aug-06,4.74,21500
15-Aug-06,4.75,15400
16-Aug-06,4.87,26800
17-Aug-06,4.85,5300
18-Aug-06,4.7,22400
21-Aug-06,4.8,7400
22-Aug-06,4.7,47100
23-Aug-06,4.68,14200
24-Aug-06,4.58,4100
25-Aug-06,4.45,9400
28-Aug-06,4.47,14100
29-Aug-06,4.65,9500
30-Aug-06,4.63,6100
31-Aug-06,4.56,13300
1-Sep-06,4.67,14700
5-Sep-06,4.66,18600
6-Sep-06,4.68,16700
7-Sep-06,4.66,13200
8-Sep-06,4.63,6500
11-Sep-06,4.69,6100
12-Sep-06,4.68,11800
13-Sep-06,4.67,11700
14-Sep-06,4.73,14500
15-Sep-06,4.65,9600
18-Sep-06,4.71,2600
19-Sep-06,4.62,25800
20-Sep-06,4.6,52900
21-Sep-06,4.7,11600
22-Sep-06,4.71,21100
25-Sep-06,4.71,9500
26-Sep-06,4.66,19100
27-Sep-06,4.72,2700
28-Sep-06,4.7,22800
29-Sep-06,4.66,6600
2-Oct-06,4.74,1000
3-Oct-06,4.71,8300
4-Oct-06,4.68,3100
5-Oct-06,4.67,4800
6-Oct-06,4.64,31500
9-Oct-06,4.66,3600
10-Oct-06,4.66,8600
11-Oct-06,4.65,11500
12-Oct-06,4.73,8100
13-Oct-06,4.75,28500
16-Oct-06,4.76,5800
17-Oct-06,4.84,21500
18-Oct-06,4.89,29100
19-Oct-06,5.0,34400
20-Oct-06,4.95,7900
23-Oct-06,4.93,6100
24-Oct-06,4.92,57500
25-Oct-06,4.93,43000
26-Oct-06,4.91,18500
27-Oct-06,4.91,5600
30-Oct-06,4.77,22600
31-Oct-06,4.73,12800
1-Nov-06,4.74,18800
2-Nov-06,4.84,2200
3-Nov-06,4.85,8200
6-Nov-06,4.9,8700
7-Nov-06,4.93,29500
8-Nov-06,5.03,114900
9-Nov-06,4.88,43900
10-Nov-06,4.82,17800
13-Nov-06,4.77,35100
14-Nov-06,4.68,68500
15-Nov-06,4.7,35600
16-Nov-06,4.88,62400
17-Nov-06,4.8,21100
20-Nov-06,4.82,8000
21-Nov-06,4.82,6000
22-Nov-06,4.8,10400
24-Nov-06,4.9,33000
27-Nov-06,4.97,36100
28-Nov-06,5.0,44800
29-Nov-06,5.12,21400
30-Nov-06,5.14,13700
1-Dec-06,5.05,8800
4-Dec-06,4.97,11000
5-Dec-06,5.04,4100
6-Dec-06,5.05,6400
7-Dec-06,5.02,16700
8-Dec-06,5.04,22300
11-Dec-06,5.03,2700
12-Dec-06,4.95,9000
13-Dec-06,5.05,17200
14-Dec-06,5.02,22700
15-Dec-06,5.0,13700
18-Dec-06,5.0,20400
19-Dec-06,5.05,22700
20-Dec-06,5.05,43700
21-Dec-06,5.08,13300
22-Dec-06,5.06,18700
26-Dec-06,5.0,16000
27-Dec-06,5.01,43900
28-Dec-06,5.0,108500
29-Dec-06,5.09,52800
3-Jan-07,5.08,30700
4-Jan-07,5.09,101800
5-Jan-07,5.1,47500
8-Jan-07,5.16,33700
9-Jan-07,5.45,69900
10-Jan-07,5.25,169300
11-Jan-07,5.2,98700
12-Jan-07,5.2,26800
16-Jan-07,5.22,14000
17-Jan-07,5.45,128400
18-Jan-07,5.5,87400
19-Jan-07,5.39,64300
22-Jan-07,5.4,295800
23-Jan-07,5.5,30600
24-Jan-07,5.4,25100
25-Jan-07,5.45,37200
26-Jan-07,5.5,45800
29-Jan-07,5.5,26300
30-Jan-07,5.53,19700
31-Jan-07,5.4,75400
1-Feb-07,5.4,32300
2-Feb-07,5.4,10800
5-Feb-07,5.39,4500
6-Feb-07,5.36,22300
7-Feb-07,5.38,25500
8-Feb-07,5.35,40000
9-Feb-07,6.08,590500
12-Feb-07,6.39,247401
13-Feb-07,6.4,87785
14-Feb-07,6.46,74970
15-Feb-07,6.7,438100
16-Feb-07,6.68,201600
20-Feb-07,6.74,60100
21-Feb-07,7.19,553400
22-Feb-07,7.19,169500
23-Feb-07,7.28,112600
26-Feb-07,7.29,126100
27-Feb-07,6.89,232500
28-Feb-07,7.01,105100
1-Mar-07,7.3,264750
2-Mar-07,7.34,85600
5-Mar-07,7.32,76100
6-Mar-07,7.35,69700
7-Mar-07,7.32,26100
8-Mar-07,7.19,135700
9-Mar-07,7.29,201700
12-Mar-07,7.76,187800
13-Mar-07,7.76,176200
14-Mar-07,7.72,94800
15-Mar-07,7.75,139100
16-Mar-07,7.7,196500
19-Mar-07,7.86,135200
20-Mar-07,7.9,70600
21-Mar-07,8.29,148400
22-Mar-07,8.0,192900
23-Mar-07,8.1,107900
26-Mar-07,8.28,116600
27-Mar-07,8.17,67600
28-Mar-07,8.11,91400
29-Mar-07,8.09,73200
30-Mar-07,8.09,66400
2-Apr-07,8.12,106400
3-Apr-07,8.43,178000
4-Apr-07,8.45,49800
5-Apr-07,8.31,84700
9-Apr-07,8.15,115400
10-Apr-07,8.26,103300
11-Apr-07,8.39,133300
12-Apr-07,8.3,108300
13-Apr-07,8.46,78300
16-Apr-07,8.55,69900
17-Apr-07,8.5,47800
18-Apr-07,8.55,50100
19-Apr-07,8.42,23100
20-Apr-07,8.3,27800
23-Apr-07,8.19,95900
24-Apr-07,8.11,47400
25-Apr-07,8.27,48700
26-Apr-07,8.22,32100
27-Apr-07,8.2,66200
30-Apr-07,8.17,89300
1-May-07,8.12,53900
2-May-07,8.0,64320
3-May-07,8.12,52400
4-May-07,8.07,22100
7-May-07,7.95,120160
8-May-07,8.12,53600
9-May-07,8.35,111800
10-May-07,8.8,256900
11-May-07,8.76,79200
14-May-07,8.38,62700
15-May-07,8.1,81800
16-May-07,7.71,142400
17-May-07,7.82,116100
18-May-07,7.74,98000
21-May-07,7.96,102329
22-May-07,7.89,30100
23-May-07,7.93,24100
24-May-07,7.91,24600
25-May-07,7.77,26200
29-May-07,7.75,29400
30-May-07,7.83,56200
31-May-07,7.63,50600
1-Jun-07,7.92,41400
4-Jun-07,8.0,124400
5-Jun-07,7.7,41300
6-Jun-07,7.89,27700
7-Jun-07,7.94,55300
8-Jun-07,7.66,46000
11-Jun-07,7.58,167700
12-Jun-07,7.53,120525
13-Jun-07,7.58,29600
14-Jun-07,7.64,32200
15-Jun-07,7.84,90900
18-Jun-07,8.0,156900
19-Jun-07,8.02,120300
20-Jun-07,8.29,61100
21-Jun-07,8.12,30000
22-Jun-07,8.0,36100
25-Jun-07,7.96,59800
26-Jun-07,7.74,54900
27-Jun-07,8.05,68000
28-Jun-07,8.1,38200
29-Jun-07,8.26,54000
2-Jul-07,8.48,94800
3-Jul-07,8.49,46600
5-Jul-07,8.59,74300
6-Jul-07,8.55,31900
9-Jul-07,8.68,58600
10-Jul-07,8.41,50700
11-Jul-07,8.39,34400
12-Jul-07,8.48,54800
13-Jul-07,8.78,44100
16-Jul-07,8.9,103700
17-Jul-07,8.92,42400
18-Jul-07,9.3,74600
19-Jul-07,9.17,48600
20-Jul-07,9.2,59100
23-Jul-07,9.42,125700
24-Jul-07,9.29,69000
25-Jul-07,9.12,55800
26-Jul-07,9.07,80300
27-Jul-07,9.08,62300
30-Jul-07,8.87,87800
31-Jul-07,8.87,30800
1-Aug-07,8.7,80700
2-Aug-07,8.65,36700
3-Aug-07,8.49,30700
6-Aug-07,8.48,32400
7-Aug-07,8.64,74800
8-Aug-07,9.2,145400
9-Aug-07,8.55,228700
10-Aug-07,8.13,99200
13-Aug-07,8.11,128000
14-Aug-07,7.97,126900
15-Aug-07,8.16,92000
16-Aug-07,8.25,55200
17-Aug-07,8.26,38400
20-Aug-07,8.1,33900
21-Aug-07,8.25,19800
22-Aug-07,8.12,70800
23-Aug-07,8.4,22300
24-Aug-07,8.7,53800
27-Aug-07,8.52,65000
28-Aug-07,8.2,37600
29-Aug-07,8.28,16200
30-Aug-07,8.11,43300
31-Aug-07,8.5,17400
4-Sep-07,8.44,22700
5-Sep-07,8.29,24000
6-Sep-07,8.65,66500
7-Sep-07,8.65,88700
10-Sep-07,8.64,40700
11-Sep-07,8.49,21800
12-Sep-07,8.31,25100
13-Sep-07,8.26,10300
14-Sep-07,8.44,24900
17-Sep-07,8.15,24500
18-Sep-07,8.31,9600
19-Sep-07,8.33,17200
20-Sep-07,8.41,13800
21-Sep-07,8.42,34800
24-Sep-07,8.42,19100
25-Sep-07,8.32,15300
26-Sep-07,8.42,6100
27-Sep-07,8.55,16200
28-Sep-07,8.11,30700
1-Oct-07,8.45,81000
2-Oct-07,8.52,63300
3-Oct-07,8.5,73400
4-Oct-07,8.64,27200
5-Oct-07,8.57,27400
8-Oct-07,8.58,25700
9-Oct-07,8.65,48400
10-Oct-07,8.45,32300
11-Oct-07,8.8,129200
12-Oct-07,8.78,52600
15-Oct-07,9.05,104400
16-Oct-07,8.79,37900
17-Oct-07,8.84,48700
18-Oct-07,9.02,45600
19-Oct-07,9.28,47000
22-Oct-07,9.71,89600
23-Oct-07,9.57,45900
24-Oct-07,10.06,82300
25-Oct-07,10.15,58000
26-Oct-07,10.08,51800
29-Oct-07,10.02,53900
30-Oct-07,9.57,45000
31-Oct-07,9.57,32000
1-Nov-07,9.4,33600
2-Nov-07,9.7,71500
5-Nov-07,9.59,82900
6-Nov-07,9.24,74200
7-Nov-07,9.46,58130
8-Nov-07,9.57,59225
9-Nov-07,9.55,23000
12-Nov-07,9.75,53400
13-Nov-07,9.86,88700
14-Nov-07,10.0,81825
15-Nov-07,9.84,67300
16-Nov-07,9.93,37500
19-Nov-07,10.03,34200
20-Nov-07,10.37,64950
21-Nov-07,10.14,38640
23-Nov-07,10.06,28500
26-Nov-07,10.12,76800
27-Nov-07,10.89,116600
28-Nov-07,10.75,104470
29-Nov-07,10.41,66200
30-Nov-07,10.67,93100
3-Dec-07,10.46,42610
4-Dec-07,10.74,70900
5-Dec-07,10.49,59300
6-Dec-07,10.03,92300
7-Dec-07,9.98,46800
10-Dec-07,9.55,57500
11-Dec-07,9.21,83400
12-Dec-07,9.44,45700
13-Dec-07,9.56,70500
14-Dec-07,9.47,13000
17-Dec-07,9.17,28161
18-Dec-07,8.92,38800
19-Dec-07,9.07,87763
20-Dec-07,9.28,62900
21-Dec-07,9.21,24100
24-Dec-07,9.48,11800
26-Dec-07,9.06,31212
27-Dec-07,8.74,51300
28-Dec-07,8.7,64488
31-Dec-07,8.8,43900
2-Jan-08,8.97,65900
3-Jan-08,9.12,47700
4-Jan-08,9.13,44500
7-Jan-08,8.78,25400
8-Jan-08,9.05,24600
9-Jan-08,8.79,31600
10-Jan-08,8.5,40000
11-Jan-08,8.45,56122
14-Jan-08,8.71,37200
15-Jan-08,8.76,40300
16-Jan-08,8.86,40800
17-Jan-08,8.93,72200
18-Jan-08,8.43,41700
22-Jan-08,8.04,66400
23-Jan-08,7.96,76714
24-Jan-08,8.04,37799
25-Jan-08,8.0,26800
28-Jan-08,8.05,40300
29-Jan-08,8.01,18000
30-Jan-08,8.01,25100
31-Jan-08,8.08,25700
1-Feb-08,8.2,62401
4-Feb-08,8.23,42100
5-Feb-08,7.78,72950
6-Feb-08,7.66,166100
7-Feb-08,7.53,82700
8-Feb-08,7.16,44700
11-Feb-08,7.74,250540
12-Feb-08,7.48,71557
13-Feb-08,7.5,31620
14-Feb-08,7.43,32400
15-Feb-08,7.21,26485
19-Feb-08,7.11,22475
20-Feb-08,7.24,24100
21-Feb-08,7.8,81700
22-Feb-08,7.37,115300
25-Feb-08,7.5,63900
26-Feb-08,7.48,28700
27-Feb-08,8.06,72700
28-Feb-08,8.15,28700
29-Feb-08,7.9,105600
3-Mar-08,7.68,75300
4-Mar-08,7.84,29700
5-Mar-08,7.68,67965
6-Mar-08,7.62,23600
7-Mar-08,7.52,47900
10-Mar-08,7.37,56900
11-Mar-08,7.48,79900
12-Mar-08,6.97,107923
13-Mar-08,7.29,81200
14-Mar-08,7.3,98169
17-Mar-08,7.26,25400
18-Mar-08,7.43,28300
19-Mar-08,7.42,18900
20-Mar-08,7.44,33200
24-Mar-08,7.48,48700
25-Mar-08,7.75,135500
26-Mar-08,7.54,17300
27-Mar-08,7.54,21300
28-Mar-08,7.78,26800
31-Mar-08,7.75,42300
1-Apr-08,8.04,35900
2-Apr-08,8.04,34600
3-Apr-08,7.95,41800
4-Apr-08,8.01,26200
7-Apr-08,8.06,14500
8-Apr-08,8.0,30055
9-Apr-08,8.04,41700
10-Apr-08,8.05,7200
11-Apr-08,8.08,17000
14-Apr-08,8.18,32800
15-Apr-08,8.5,52706
16-Apr-08,8.81,51686
17-Apr-08,8.71,27966
18-Apr-08,8.39,17804
21-Apr-08,8.47,59100
22-Apr-08,8.72,22700
23-Apr-08,8.63,89000
24-Apr-08,8.73,8300
25-Apr-08,8.56,34700
28-Apr-08,8.75,8839
29-Apr-08,8.44,22444
30-Apr-08,8.3,5198
1-May-08,8.4,22485
2-May-08,8.0,41850
5-May-08,7.91,19100
6-May-08,8.43,35400
7-May-08,8.08,35150
8-May-08,8.3,53136
9-May-08,8.13,42446
12-May-08,7.49,71204
13-May-08,7.52,49335
14-May-08,8.02,71245
15-May-08,7.72,77505
16-May-08,7.6,38245
19-May-08,7.29,38310
20-May-08,7.28,34347
21-May-08,7.13,46961
22-May-08,7.17,15695
23-May-08,7.06,18055
27-May-08,7.24,62390
28-May-08,7.01,44850
29-May-08,7.19,24879
30-May-08,7.22,16829
2-Jun-08,7.0,30497
3-Jun-08,6.9,107768
4-Jun-08,6.96,23425
5-Jun-08,6.75,46027
6-Jun-08,6.45,40872
9-Jun-08,6.45,43710
10-Jun-08,6.31,40237
11-Jun-08,6.31,51447
12-Jun-08,6.23,53521
13-Jun-08,6.23,128830
16-Jun-08,6.42,41500
17-Jun-08,6.3,23036
18-Jun-08,6.43,34500
19-Jun-08,6.67,93081
20-Jun-08,6.72,41040
23-Jun-08,6.88,38435
24-Jun-08,6.92,21300
25-Jun-08,6.78,15700
26-Jun-08,6.6,17755
27-Jun-08,6.6,22500
30-Jun-08,6.6,30165
1-Jul-08,6.5,42750
2-Jul-08,6.65,38500
3-Jul-08,6.64,13402
7-Jul-08,6.5,41011
8-Jul-08,6.54,32745
9-Jul-08,6.58,15469
10-Jul-08,6.65,17825
11-Jul-08,6.24,26748
14-Jul-08,6.45,34500
15-Jul-08,6.26,30052
16-Jul-08,6.52,33354
17-Jul-08,6.32,40887
18-Jul-08,6.19,36411
21-Jul-08,6.17,24945
22-Jul-08,6.24,70540
23-Jul-08,6.55,36520
24-Jul-08,6.22,32400
25-Jul-08,6.58,12300
28-Jul-08,6.2,72100
29-Jul-08,6.2,20250
30-Jul-08,6.2,31107
31-Jul-08,6.2,16100
1-Aug-08,6.15,10440
4-Aug-08,6.12,25394
5-Aug-08,6.11,16708
6-Aug-08,6.19,36775
7-Aug-08,6.13,22700
8-Aug-08,4.49,295770
11-Aug-08,4.61,110315
12-Aug-08,4.48,59413
13-Aug-08,4.43,51778
14-Aug-08,4.64,53351
15-Aug-08,4.48,52406
18-Aug-08,4.52,126008
19-Aug-08,4.49,203600
20-Aug-08,4.57,19810
21-Aug-08,4.61,14505
22-Aug-08,4.48,20588
25-Aug-08,4.65,43644
26-Aug-08,4.51,10850
27-Aug-08,4.37,33328
28-Aug-08,4.42,70240
29-Aug-08,4.35,75087
2-Sep-08,4.07,99402
3-Sep-08,4.23,44800
4-Sep-08,4.06,49668
5-Sep-08,3.8,257655
8-Sep-08,3.8,64560
9-Sep-08,3.89,115475
10-Sep-08,3.65,155896
11-Sep-08,3.63,134206
12-Sep-08,3.8,41900
15-Sep-08,3.65,23050
16-Sep-08,3.55,103687
17-Sep-08,3.42,80613
18-Sep-08,3.3,126877
19-Sep-08,3.3,251526
22-Sep-08,3.41,231344
23-Sep-08,3.48,264652
24-Sep-08,3.28,129769
25-Sep-08,3.37,126197
26-Sep-08,3.42,62560
29-Sep-08,3.95,88971
30-Sep-08,3.5,111006
1-Oct-08,3.55,155579
2-Oct-08,3.23,106387
3-Oct-08,3.23,83730
6-Oct-08,3.05,209119
7-Oct-08,3.01,162400
8-Oct-08,2.92,62012
9-Oct-08,2.55,33074
10-Oct-08,2.8,78178
13-Oct-08,3.33,47509
14-Oct-08,3.01,40985
15-Oct-08,2.77,10050
16-Oct-08,2.73,11067
17-Oct-08,2.8,19708
20-Oct-08,2.88,17800
21-Oct-08,2.89,15347
22-Oct-08,2.91,14397
23-Oct-08,2.76,12500
24-Oct-08,2.73,5900
27-Oct-08,2.57,10373
28-Oct-08,2.55,26282
29-Oct-08,2.47,21865
30-Oct-08,2.43,18025
31-Oct-08,2.38,85743
3-Nov-08,2.23,96523
4-Nov-08,2.2,66440
5-Nov-08,2.31,97388
6-Nov-08,2.12,65266
7-Nov-08,2.0,176410
10-Nov-08,1.99,70638
11-Nov-08,2.05,99566
12-Nov-08,2.02,36400
13-Nov-08,2.24,71009
14-Nov-08,2.29,14296
17-Nov-08,2.22,13029
18-Nov-08,2.72,88798
19-Nov-08,2.28,35200
20-Nov-08,2.0,75373
21-Nov-08,2.05,41200
24-Nov-08,2.22,32000
25-Nov-08,2.2,35600
26-Nov-08,2.36,36199
28-Nov-08,2.35,5820
1-Dec-08,2.25,26897
2-Dec-08,2.5,25692
3-Dec-08,2.28,52769
4-Dec-08,2.15,34940
5-Dec-08,2.02,77613
8-Dec-08,2.0,49094
9-Dec-08,1.99,49296
10-Dec-08,2.04,33775
11-Dec-08,2.02,40370
12-Dec-08,2.11,53239
15-Dec-08,1.95,43224
16-Dec-08,1.87,67171
17-Dec-08,1.83,22216
18-Dec-08,1.78,35642
19-Dec-08,1.86,54115
22-Dec-08,1.78,195231
23-Dec-08,1.8,301223
24-Dec-08,1.95,38476
26-Dec-08,1.93,13300
29-Dec-08,1.86,82977
30-Dec-08,1.84,41300
31-Dec-08,2.01,60575
2-Jan-09,2.14,41867
5-Jan-09,2.28,65940
6-Jan-09,2.34,39863
7-Jan-09,2.25,20000
8-Jan-09,2.41,58700
9-Jan-09,2.43,19286
12-Jan-09,2.41,22650
13-Jan-09,2.48,27600
14-Jan-09,2.59,49098
15-Jan-09,2.46,36150
16-Jan-09,2.29,17382
20-Jan-09,2.16,25300
21-Jan-09,2.42,32961
22-Jan-09,2.36,9300
23-Jan-09,2.31,16750
26-Jan-09,2.24,21500
27-Jan-09,2.29,26393
28-Jan-09,2.29,4800
29-Jan-09,2.25,34654
30-Jan-09,2.21,32280
2-Feb-09,2.1,51173
3-Feb-09,2.14,68550
4-Feb-09,2.07,70949
5-Feb-09,2.17,151145
6-Feb-09,2.04,119836
9-Feb-09,1.99,79980
10-Feb-09,1.91,27150
11-Feb-09,1.91,43474
12-Feb-09,1.85,15590
13-Feb-09,1.96,6600
17-Feb-09,2.03,29710
18-Feb-09,1.94,4500
19-Feb-09,1.94,8520
20-Feb-09,1.91,11790
23-Feb-09,1.73,182544
24-Feb-09,1.65,37967
25-Feb-09,1.58,56891
26-Feb-09,1.5,299323
27-Feb-09,2.4,196120
2-Mar-09,2.01,106206
3-Mar-09,1.68,77610
4-Mar-09,1.77,80651
5-Mar-09,1.68,68500
6-Mar-09,1.64,19638
9-Mar-09,1.6,43713
10-Mar-09,1.69,26893
11-Mar-09,1.51,78002
12-Mar-09,1.49,157672
13-Mar-09,1.52,83325
16-Mar-09,1.51,66174
17-Mar-09,1.51,35448
18-Mar-09,1.49,26360
19-Mar-09,1.41,189240
20-Mar-09,1.45,76175
23-Mar-09,1.47,137700
24-Mar-09,1.5,39300
25-Mar-09,1.49,30926
26-Mar-09,1.55,62790
27-Mar-09,1.5,54900
30-Mar-09,1.5,49220
31-Mar-09,1.53,104170
1-Apr-09,1.59,144192
2-Apr-09,1.64,56103
3-Apr-09,1.59,22750
6-Apr-09,1.6,64425
7-Apr-09,1.62,51546
8-Apr-09,1.62,27680
9-Apr-09,1.65,45725
13-Apr-09,1.85,76829
14-Apr-09,1.76,69256
15-Apr-09,1.96,55450
16-Apr-09,1.93,171316
17-Apr-09,1.9,81614
20-Apr-09,2.04,33842
21-Apr-09,2.01,118761
22-Apr-09,2.05,57380
23-Apr-09,2.14,38019
24-Apr-09,2.2,81323
27-Apr-09,2.27,110226
28-Apr-09,2.5,117370
29-Apr-09,2.47,145350
30-Apr-09,2.63,71025
1-May-09,3.1,152477
4-May-09,3.01,100614
5-May-09,3.24,78377
6-May-09,3.37,105821
7-May-09,3.2,250582
8-May-09,3.33,142125
11-May-09,3.16,54473
12-May-09,3.35,111439
13-May-09,3.23,37407
14-May-09,3.42,22346
15-May-09,3.34,57530
18-May-09,3.3,58460
19-May-09,3.3,64250
20-May-09,3.42,44750
21-May-09,3.24,83315
22-May-09,3.29,22320
26-May-09,3.29,16000
27-May-09,3.27,17200
28-May-09,3.29,22200
29-May-09,3.63,161060
1-Jun-09,3.72,38294
2-Jun-09,3.83,56040
3-Jun-09,3.92,26327
4-Jun-09,4.03,53490
5-Jun-09,4.01,25446
8-Jun-09,3.81,44456
9-Jun-09,3.69,72110
10-Jun-09,3.75,18404
11-Jun-09,3.92,27100
12-Jun-09,3.68,36832
15-Jun-09,3.7,30777
16-Jun-09,3.64,16020
17-Jun-09,3.65,20350
18-Jun-09,3.62,8700
19-Jun-09,3.73,10124
22-Jun-09,3.32,88140
23-Jun-09,3.28,39207
24-Jun-09,3.3,13312
25-Jun-09,3.22,26964
26-Jun-09,3.13,22700
29-Jun-09,3.32,65300
30-Jun-09,3.57,80372
1-Jul-09,3.46,36759
2-Jul-09,3.31,45960
6-Jul-09,3.18,35200
7-Jul-09,3.33,27217
8-Jul-09,3.19,26287
9-Jul-09,3.19,29080
10-Jul-09,3.11,21850
13-Jul-09,3.11,35177
14-Jul-09,3.11,13200
15-Jul-09,3.28,62400
16-Jul-09,3.3,38520
17-Jul-09,3.23,12658
20-Jul-09,3.25,10850
21-Jul-09,3.18,9700
22-Jul-09,3.29,29595
23-Jul-09,3.39,21041
24-Jul-09,3.34,49500
27-Jul-09,3.35,25651
28-Jul-09,3.2,11918
29-Jul-09,3.31,14037
30-Jul-09,3.27,20825
31-Jul-09,3.65,114689
3-Aug-09,3.69,33796
4-Aug-09,3.6,26403
5-Aug-09,3.69,4500
6-Aug-09,3.79,20278
7-Aug-09,3.99,35265
10-Aug-09,4.01,53297
11-Aug-09,4.04,13435
12-Aug-09,4.0,15471
13-Aug-09,4.0,17820
14-Aug-09,4.01,7006
17-Aug-09,3.96,11440
18-Aug-09,4.23,26758
19-Aug-09,4.13,9800
20-Aug-09,4.08,7800
21-Aug-09,4.06,34069
24-Aug-09,4.0,17885
25-Aug-09,3.93,19429
26-Aug-09,4.0,10600
27-Aug-09,4.1,23510
28-Aug-09,4.09,57060
31-Aug-09,4.09,10518
1-Sep-09,3.94,95713
2-Sep-09,3.93,6870
3-Sep-09,4.0,16200
4-Sep-09,4.0,9705
8-Sep-09,4.03,8850
9-Sep-09,4.03,28450
10-Sep-09,4.0,9995
11-Sep-09,4.0,17328
14-Sep-09,3.94,23698
15-Sep-09,4.03,21598
16-Sep-09,3.98,25343
17-Sep-09,4.04,18750
18-Sep-09,3.92,59668
21-Sep-09,3.98,14070
22-Sep-09,4.06,11100
23-Sep-09,4.0,21294
24-Sep-09,3.94,14710
25-Sep-09,3.95,13100
28-Sep-09,3.98,9405
29-Sep-09,3.95,32400
30-Sep-09,3.9,24233
1-Oct-09,3.87,36755
2-Oct-09,3.85,30209
5-Oct-09,3.86,9007
6-Oct-09,3.98,33787
7-Oct-09,3.99,16581
8-Oct-09,3.99,34850
9-Oct-09,4.0,12546
12-Oct-09,4.06,22614
13-Oct-09,4.03,9746
14-Oct-09,4.01,12281
15-Oct-09,4.06,27095
16-Oct-09,4.3,49894
19-Oct-09,4.37,32541
20-Oct-09,4.47,10950
21-Oct-09,4.25,21412
22-Oct-09,4.43,16447
23-Oct-09,4.42,7000
26-Oct-09,4.46,31873
27-Oct-09,4.46,14625
28-Oct-09,4.42,2525
29-Oct-09,4.01,95240
30-Oct-09,3.8,47170
2-Nov-09,3.8,50635
3-Nov-09,3.95,22400
4-Nov-09,4.08,58189
5-Nov-09,4.45,64125
6-Nov-09,4.21,45840
9-Nov-09,4.34,27300
10-Nov-09,4.12,19710
11-Nov-09,4.2,7007
12-Nov-09,4.3,10501
13-Nov-09,4.12,41700
16-Nov-09,3.9,66790
17-Nov-09,3.99,19681
18-Nov-09,4.02,11850
19-Nov-09,3.93,13547
20-Nov-09,3.91,19150
23-Nov-09,3.75,10100
24-Nov-09,3.82,16198
25-Nov-09,3.99,12346
27-Nov-09,3.93,8829
30-Nov-09,3.99,15900
1-Dec-09,4.02,27142
2-Dec-09,3.93,15521
3-Dec-09,3.94,43852
4-Dec-09,3.97,14070
7-Dec-09,3.99,19360
8-Dec-09,3.94,20771
9-Dec-09,3.85,59206
10-Dec-09,3.8,23627
11-Dec-09,3.71,105837
14-Dec-09,3.56,60767
15-Dec-09,3.66,32122
16-Dec-09,3.89,33093
17-Dec-09,3.9,18754
18-Dec-09,4.08,26373
21-Dec-09,3.89,24001
22-Dec-09,3.9,8950
23-Dec-09,3.91,14296
24-Dec-09,3.87,6300
28-Dec-09,3.93,10302
29-Dec-09,3.94,12380
30-Dec-09,3.91,5550
31-Dec-09,3.93,6700
4-Jan-10,3.96,12043
5-Jan-10,3.94,41504
6-Jan-10,3.92,11420
7-Jan-10,4.04,33683
8-Jan-10,3.98,13173
11-Jan-10,3.93,9165
12-Jan-10,3.85,18054
13-Jan-10,3.88,44051
14-Jan-10,3.95,18994
15-Jan-10,3.95,8100
19-Jan-10,3.91,16247
20-Jan-10,3.9,5000
21-Jan-10,3.8,41901
22-Jan-10,3.88,10400
25-Jan-10,3.83,48156
26-Jan-10,3.85,6828
27-Jan-10,3.85,5716
28-Jan-10,3.95,7420
29-Jan-10,3.85,9613
1-Feb-10,3.85,2300
2-Feb-10,3.85,8160
3-Feb-10,3.85,4100
4-Feb-10,3.78,27775
5-Feb-10,3.8,11500
8-Feb-10,3.8,5300
9-Feb-10,3.79,8873
10-Feb-10,3.44,0
11-Feb-10,3.82,1900
12-Feb-10,3.77,2358
16-Feb-10,3.88,8225
17-Feb-10,3.85,13293
18-Feb-10,4.38,85251
19-Feb-10,4.35,25150
22-Feb-10,4.28,24763
23-Feb-10,4.1,20094
24-Feb-10,4.06,24455
25-Feb-10,3.91,124900
26-Feb-10,4.04,44545
1-Mar-10,4.05,31828
2-Mar-10,4.13,21850
3-Mar-10,4.23,17321
4-Mar-10,4.19,14400
5-Mar-10,4.25,25058
8-Mar-10,4.29,28232
9-Mar-10,4.27,54934
10-Mar-10,4.3,26255
11-Mar-10,4.32,50455
12-Mar-10,4.3,40078
15-Mar-10,4.3,30556
16-Mar-10,4.31,59440
17-Mar-10,4.31,77223
18-Mar-10,4.38,17900
19-Mar-10,4.28,52389
22-Mar-10,4.46,19902
23-Mar-10,4.45,13300
24-Mar-10,4.47,22400
25-Mar-10,4.43,24710
26-Mar-10,4.4,32450
29-Mar-10,4.49,19024
30-Mar-10,4.59,18980
31-Mar-10,4.6,17291
1-Apr-10,4.65,30708
5-Apr-10,4.83,29398
6-Apr-10,4.85,42608
7-Apr-10,4.91,19863
8-Apr-10,4.95,27128
9-Apr-10,4.89,54833
12-Apr-10,4.85,14328
13-Apr-10,4.96,22286
14-Apr-10,5.03,38589
15-Apr-10,5.01,15050
16-Apr-10,5.02,27935
19-Apr-10,5.0,24330
20-Apr-10,5.05,33205
21-Apr-10,5.03,4030
22-Apr-10,5.07,18761
23-Apr-10,5.09,4032
26-Apr-10,5.06,14263
27-Apr-10,4.98,67740
28-Apr-10,4.93,5732
29-Apr-10,4.99,21961
30-Apr-10,4.97,11441
3-May-10,4.96,34888
4-May-10,4.84,16812
5-May-10,4.95,15851
6-May-10,4.92,38542
7-May-10,4.87,21232
10-May-10,4.92,10658
11-May-10,4.98,23005
12-May-10,5.0,23095
13-May-10,4.97,7239
14-May-10,4.92,12250
17-May-10,4.86,11054
18-May-10,4.78,10080
19-May-10,4.79,16482
20-May-10,4.65,46595
21-May-10,4.6,41636
24-May-10,4.6,38000
25-May-10,4.55,54610
26-May-10,4.61,11600
27-May-10,4.7,152742
28-May-10,4.67,34898
1-Jun-10,4.67,33085
2-Jun-10,4.72,31505
3-Jun-10,4.75,26221
4-Jun-10,4.83,55138
7-Jun-10,4.79,32140
8-Jun-10,4.68,41060
9-Jun-10,4.72,20225
10-Jun-10,4.79,6550
11-Jun-10,4.8,7000
14-Jun-10,4.79,14310
15-Jun-10,4.76,17100
16-Jun-10,4.73,30129
17-Jun-10,4.72,25915
18-Jun-10,4.76,7899
21-Jun-10,4.86,18578
22-Jun-10,4.73,19488
23-Jun-10,4.76,6391
24-Jun-10,4.63,11037
25-Jun-10,4.65,32239
28-Jun-10,4.6,23342
29-Jun-10,4.57,34460
30-Jun-10,4.66,25128
1-Jul-10,4.55,53050
2-Jul-10,4.75,26357
6-Jul-10,4.51,37238
7-Jul-10,4.57,18200
8-Jul-10,4.65,18590
9-Jul-10,4.51,63786
12-Jul-10,4.72,26372
13-Jul-10,4.75,22900
14-Jul-10,4.7,23149
15-Jul-10,4.61,15850
16-Jul-10,4.4,15680
19-Jul-10,4.33,63553
20-Jul-10,4.5,23591
21-Jul-10,4.52,13713
22-Jul-10,4.6,15090
23-Jul-10,4.57,11413
26-Jul-10,4.55,11200
27-Jul-10,4.53,19836
28-Jul-10,4.57,13650
29-Jul-10,4.64,12528
30-Jul-10,4.66,16450
2-Aug-10,4.65,21525
3-Aug-10,4.63,11740
4-Aug-10,4.69,9027
5-Aug-10,4.63,29723
6-Aug-10,4.58,10450
9-Aug-10,4.67,39230
10-Aug-10,4.68,3200
11-Aug-10,4.5,15178
12-Aug-10,4.5,53803
13-Aug-10,4.52,15650
16-Aug-10,4.54,23923
17-Aug-10,4.57,7988
18-Aug-10,4.65,31656
19-Aug-10,4.55,19019
20-Aug-10,4.5,48795
23-Aug-10,4.5,30329
24-Aug-10,4.5,26338
25-Aug-10,4.5,9448
26-Aug-10,4.5,12400
27-Aug-10,4.57,19208
30-Aug-10,4.55,12444
31-Aug-10,4.5,6622
1-Sep-10,4.66,14751
2-Sep-10,4.63,13539
3-Sep-10,4.63,7767
7-Sep-10,4.66,11783
8-Sep-10,4.74,11426
9-Sep-10,4.79,16560
10-Sep-10,4.62,24359
13-Sep-10,4.67,12782
14-Sep-10,4.66,3900
15-Sep-10,4.74,6229
16-Sep-10,4.67,4599
17-Sep-10,4.76,20805
20-Sep-10,4.9,37247
21-Sep-10,4.85,23498
22-Sep-10,4.84,26237
23-Sep-10,4.81,23266
24-Sep-10,4.86,20480
27-Sep-10,4.86,17146
28-Sep-10,4.9,6069
29-Sep-10,4.77,17928
30-Sep-10,5.01,60175
1-Oct-10,5.04,11513
4-Oct-10,5.0,13808
5-Oct-10,5.06,14550
6-Oct-10,5.09,16686
7-Oct-10,5.06,9750
8-Oct-10,5.0,8772
11-Oct-10,5.22,36323
12-Oct-10,5.17,23776
13-Oct-10,5.19,13708
14-Oct-10,5.22,64144
15-Oct-10,5.21,11640
18-Oct-10,5.0,30540
19-Oct-10,5.0,24292
20-Oct-10,5.19,20246
21-Oct-10,5.15,19640
22-Oct-10,5.21,25159
25-Oct-10,5.25,24289
26-Oct-10,5.21,93834
27-Oct-10,5.18,11437
28-Oct-10,5.35,63518
29-Oct-10,5.25,32373
1-Nov-10,5.23,10722
2-Nov-10,5.17,3191
3-Nov-10,5.2,3628
4-Nov-10,5.16,24946
5-Nov-10,5.27,45667
8-Nov-10,5.25,15182
9-Nov-10,5.08,19293
10-Nov-10,5.1,21335
11-Nov-10,5.07,23060
12-Nov-10,5.09,58698
15-Nov-10,5.17,14787
16-Nov-10,5.12,33464
17-Nov-10,5.13,2287
18-Nov-10,5.14,13557
19-Nov-10,5.07,55375
22-Nov-10,5.1,17510
23-Nov-10,4.96,28828
24-Nov-10,4.94,11002
26-Nov-10,4.81,37948
29-Nov-10,4.74,56366
30-Nov-10,4.7,15757
1-Dec-10,4.67,179641
2-Dec-10,4.79,38878
3-Dec-10,4.8,24706
6-Dec-10,4.83,17874
7-Dec-10,4.74,27699
8-Dec-10,4.7,36519
9-Dec-10,4.71,9714
10-Dec-10,4.7,45151
13-Dec-10,4.74,12846
14-Dec-10,4.76,37453
15-Dec-10,4.7,4150
16-Dec-10,4.72,24724
17-Dec-10,4.74,16600
20-Dec-10,4.84,29897
21-Dec-10,4.89,18199
22-Dec-10,4.94,17586
23-Dec-10,4.93,3849
27-Dec-10,4.93,10969
28-Dec-10,4.89,10350
29-Dec-10,4.8,13257
30-Dec-10,4.87,5321
31-Dec-10,4.85,56610
3-Jan-11,4.83,70376
4-Jan-11,5.11,61306
5-Jan-11,4.99,19663
6-Jan-11,4.9,15577
7-Jan-11,4.85,17435
10-Jan-11,4.89,11909
11-Jan-11,4.83,13191
12-Jan-11,4.89,6400
13-Jan-11,4.88,4547
14-Jan-11,4.94,15028
18-Jan-11,5.01,21341
19-Jan-11,4.91,9824
20-Jan-11,4.93,6444
21-Jan-11,4.93,14589
24-Jan-11,4.98,23392
25-Jan-11,4.99,28021
26-Jan-11,4.98,6664
27-Jan-11,4.96,12718
28-Jan-11,5.02,26245
31-Jan-11,5.1,37860
1-Feb-11,5.16,25184
2-Feb-11,5.24,31836
3-Feb-11,5.23,12107
4-Feb-11,5.2,7125
7-Feb-11,5.24,16109
8-Feb-11,5.11,17564
9-Feb-11,5.2,16109
10-Feb-11,5.58,62058
11-Feb-11,5.63,17794
14-Feb-11,5.66,47482
15-Feb-11,5.59,34235
16-Feb-11,5.65,24560
17-Feb-11,5.76,43893
18-Feb-11,5.54,43957
22-Feb-11,5.51,40853
23-Feb-11,5.26,64641
24-Feb-11,5.33,15617
25-Feb-11,5.65,48408
28-Feb-11,5.7,45674
1-Mar-11,5.76,31796
2-Mar-11,5.66,10462
3-Mar-11,5.84,20988
4-Mar-11,5.85,27609
7-Mar-11,5.73,20543
8-Mar-11,5.77,3300
9-Mar-11,5.83,9590
10-Mar-11,5.74,13530
11-Mar-11,5.61,14935
14-Mar-11,5.78,49265
15-Mar-11,5.76,18385
16-Mar-11,5.67,14634
17-Mar-11,5.5,48157
18-Mar-11,5.52,37427
21-Mar-11,5.49,28120
22-Mar-11,5.36,20690
23-Mar-11,5.4,7386
24-Mar-11,5.54,14538
25-Mar-11,5.57,13054
28-Mar-11,5.42,42448
29-Mar-11,5.45,14407
30-Mar-11,5.38,21207
31-Mar-11,5.51,16301
1-Apr-11,5.47,15274
4-Apr-11,5.54,27525
5-Apr-11,5.48,14236
6-Apr-11,5.84,67857
7-Apr-11,5.75,15790
8-Apr-11,5.76,9478
11-Apr-11,5.86,59694
12-Apr-11,5.85,24158
13-Apr-11,5.92,4862
14-Apr-11,5.75,14205
15-Apr-11,5.97,44505
18-Apr-11,5.97,7912
19-Apr-11,5.94,29519
20-Apr-11,6.01,18094
21-Apr-11,6.11,12097
25-Apr-11,6.06,13877
26-Apr-11,6.08,37460
27-Apr-11,6.15,1400
28-Apr-11,6.37,56791
29-Apr-11,6.4,13425
2-May-11,6.42,16863
3-May-11,6.35,13580
4-May-11,6.51,45248
5-May-11,6.1,67288
6-May-11,6.37,42720
9-May-11,6.45,39823
10-May-11,6.27,54900
11-May-11,6.12,10349
12-May-11,6.17,4542
13-May-11,5.99,29526
16-May-11,5.95,12574
17-May-11,5.88,15540
18-May-11,5.95,13422
19-May-11,6.17,29592
20-May-11,6.14,2814
23-May-11,6.22,13955
24-May-11,6.13,9184
25-May-11,6.03,20014
26-May-11,6.02,16683
27-May-11,5.97,15869
31-May-11,5.93,32689
1-Jun-11,5.97,15632
2-Jun-11,5.74,38030
3-Jun-11,5.64,8474
6-Jun-11,5.49,50776
7-Jun-11,5.53,12637
8-Jun-11,5.5,25037
9-Jun-11,5.47,14246
10-Jun-11,5.49,27309
13-Jun-11,5.56,49067
14-Jun-11,5.68,13111
15-Jun-11,5.79,17386
16-Jun-11,5.78,26156
17-Jun-11,5.61,18880
20-Jun-11,5.53,16171
21-Jun-11,5.63,13963
22-Jun-11,5.68,4453
23-Jun-11,5.61,18871
24-Jun-11,5.48,18595
27-Jun-11,5.48,10982
28-Jun-11,5.5,10605
29-Jun-11,5.62,16561
30-Jun-11,5.66,13471
1-Jul-11,5.7,47425
5-Jul-11,5.68,14070
6-Jul-11,5.68,5195
7-Jul-11,5.75,9867
8-Jul-11,5.67,1655
11-Jul-11,5.62,6262
12-Jul-11,5.59,9082
13-Jul-11,5.72,19254
14-Jul-11,5.66,11780
15-Jul-11,5.61,5741
18-Jul-11,5.62,8917
19-Jul-11,5.67,45655
20-Jul-11,5.68,21664
21-Jul-11,5.97,36046
22-Jul-11,5.99,35884
25-Jul-11,6.0,24428
26-Jul-11,5.91,13586
27-Jul-11,5.74,17670
28-Jul-11,5.63,26040
29-Jul-11,5.7,19912
1-Aug-11,5.68,31143
2-Aug-11,5.53,23471
3-Aug-11,5.53,12172
4-Aug-11,5.4,41880
5-Aug-11,5.45,27966
8-Aug-11,5.23,94169
9-Aug-11,5.29,32824
10-Aug-11,5.21,13049
11-Aug-11,5.16,18190
12-Aug-11,5.23,14796
15-Aug-11,5.38,17898
16-Aug-11,5.26,47008
17-Aug-11,5.16,24675
18-Aug-11,5.22,4059
19-Aug-11,5.23,16590
22-Aug-11,5.12,30759
23-Aug-11,5.34,6585
24-Aug-11,5.4,9569
25-Aug-11,5.24,1379
26-Aug-11,5.4,20383
29-Aug-11,5.63,10498
30-Aug-11,5.8,5390
31-Aug-11,5.75,10409
1-Sep-11,5.72,22283
2-Sep-11,5.63,23461
6-Sep-11,5.71,4821
7-Sep-11,6.0,18608
8-Sep-11,5.8,22497
9-Sep-11,5.69,10982
12-Sep-11,5.68,17405
13-Sep-11,5.81,11347
14-Sep-11,5.78,6082
15-Sep-11,5.96,15968
16-Sep-11,6.12,20961
19-Sep-11,6.07,6339
20-Sep-11,6.0,18157
21-Sep-11,5.98,21833
22-Sep-11,5.71,19300
23-Sep-11,5.59,9300
26-Sep-11,5.61,18117
27-Sep-11,5.86,20660
28-Sep-11,5.8,16418
29-Sep-11,5.7,19197
30-Sep-11,5.92,24946
3-Oct-11,5.68,33158
4-Oct-11,5.62,50046
5-Oct-11,5.94,16879
6-Oct-11,5.99,44653
7-Oct-11,5.97,16663
10-Oct-11,6.03,12306
11-Oct-11,6.05,20115
12-Oct-11,6.12,18789
13-Oct-11,6.2,23216
14-Oct-11,6.1,25594
17-Oct-11,6.03,16857
18-Oct-11,6.0,13484
19-Oct-11,6.01,7592
20-Oct-11,6.04,3951
21-Oct-11,6.13,9599
24-Oct-11,6.11,4939
25-Oct-11,6.06,8994
26-Oct-11,6.06,32539
27-Oct-11,6.08,27909
28-Oct-11,6.13,9937
31-Oct-11,5.96,26357
1-Nov-11,6.08,25524
2-Nov-11,5.99,3621
3-Nov-11,5.99,21414
4-Nov-11,5.99,63701
7-Nov-11,5.92,4829
8-Nov-11,5.83,45307
9-Nov-11,5.8,9754
10-Nov-11,5.75,28078
11-Nov-11,5.85,11953
14-Nov-11,5.78,17848
15-Nov-11,5.69,21533
16-Nov-11,5.74,12394
17-Nov-11,5.8,37603
18-Nov-11,5.75,21721
21-Nov-11,5.75,48154
22-Nov-11,5.81,20904
23-Nov-11,5.77,20946
25-Nov-11,5.68,900
28-Nov-11,5.8,15453
29-Nov-11,5.92,10438
30-Nov-11,5.83,26038
1-Dec-11,5.82,18308
2-Dec-11,5.75,40710
5-Dec-11,5.7,17429
6-Dec-11,5.59,10701
7-Dec-11,5.64,8880
8-Dec-11,5.5,10413
9-Dec-11,5.54,5271
12-Dec-11,5.45,8470
13-Dec-11,5.4,8422
14-Dec-11,5.48,34760
15-Dec-11,5.56,45007
16-Dec-11,5.63,48266
19-Dec-11,5.88,33724
20-Dec-11,5.82,25547
21-Dec-11,5.91,10685
22-Dec-11,5.76,38313
23-Dec-11,5.66,10982
27-Dec-11,5.7,17141
28-Dec-11,5.68,16566
29-Dec-11,5.6,20960
30-Dec-11,5.6,50735
3-Jan-12,5.51,20715
4-Jan-12,5.52,22994
5-Jan-12,5.6,17271
6-Jan-12,5.7,10000
9-Jan-12,5.92,33767
10-Jan-12,5.95,36560
11-Jan-12,5.95,28263
12-Jan-12,5.9,12502
13-Jan-12,5.76,36381
17-Jan-12,5.84,5956
18-Jan-12,5.9,16796
19-Jan-12,5.95,4000
20-Jan-12,5.92,5615
23-Jan-12,5.95,6656
24-Jan-12,5.95,10200
25-Jan-12,5.95,13022
26-Jan-12,5.89,6835
27-Jan-12,5.72,9887
30-Jan-12,5.61,15923
31-Jan-12,5.73,16600
1-Feb-12,5.86,74472
2-Feb-12,5.8,66228
3-Feb-12,5.78,17352
6-Feb-12,5.93,19216
7-Feb-12,5.94,16991
8-Feb-12,5.97,17551
9-Feb-12,5.94,25147
10-Feb-12,5.93,45857
13-Feb-12,5.99,8123
14-Feb-12,6.0,15331
15-Feb-12,6.0,13247
16-Feb-12,6.0,63725
17-Feb-12,6.01,93826
21-Feb-12,5.98,15803
22-Feb-12,6.0,53764
23-Feb-12,5.95,48307
24-Feb-12,5.9,84458
27-Feb-12,5.88,104921
28-Feb-12,5.95,78693
29-Feb-12,5.99,60487
1-Mar-12,5.89,104813
2-Mar-12,5.92,57469
5-Mar-12,5.94,60077
6-Mar-12,5.85,89639
7-Mar-12,5.95,25331
8-Mar-12,5.96,31066
9-Mar-12,5.96,70666
12-Mar-12,6.07,31453
13-Mar-12,6.16,42851
14-Mar-12,6.15,25323
15-Mar-12,6.13,34785
16-Mar-12,6.03,34608
19-Mar-12,6.03,38126
20-Mar-12,6.2,39207
21-Mar-12,6.3,57711
22-Mar-12,6.57,35959
23-Mar-12,6.76,48709
26-Mar-12,7.3,48262
27-Mar-12,7.28,98160
28-Mar-12,7.29,51086
29-Mar-12,7.51,57037
30-Mar-12,7.55,26048
2-Apr-12,7.46,34951
3-Apr-12,7.48,29191
4-Apr-12,7.5,44053
5-Apr-12,7.5,14458
9-Apr-12,7.4,17252
10-Apr-12,7.25,27462
11-Apr-12,7.44,25221
12-Apr-12,7.41,47270
13-Apr-12,7.39,31300
16-Apr-12,7.44,25645
17-Apr-12,7.47,31588
18-Apr-12,7.5,27494
19-Apr-12,7.5,37344
20-Apr-12,7.51,18822
23-Apr-12,7.42,19400
24-Apr-12,7.52,32430
25-Apr-12,7.6,68116
26-Apr-12,7.5,30879
27-Apr-12,7.43,55485
30-Apr-12,7.5,24644
1-May-12,7.5,36186
2-May-12,7.51,102692
3-May-12,7.47,48958
4-May-12,7.5,30674
7-May-12,7.49,30592
8-May-12,7.49,30255
9-May-12,7.55,30104
10-May-12,7.57,35168
11-May-12,7.55,34879
14-May-12,7.6,15976
15-May-12,7.55,9239
16-May-12,7.46,12387
17-May-12,7.22,49208
18-May-12,7.26,26841
21-May-12,7.16,24360
22-May-12,7.27,25796
23-May-12,7.24,31259
24-May-12,7.23,20075
25-May-12,7.25,10250
29-May-12,7.3,10931
30-May-12,7.19,26243
31-May-12,7.32,22436
1-Jun-12,7.4,62221
4-Jun-12,7.35,29988
5-Jun-12,7.1,19468
6-Jun-12,7.22,4155
7-Jun-12,7.28,14202
8-Jun-12,7.41,31358
11-Jun-12,7.23,31592
12-Jun-12,7.22,29966
13-Jun-12,7.37,26641
14-Jun-12,7.44,42942
15-Jun-12,7.46,43498
18-Jun-12,7.6,78400
19-Jun-12,8.08,117806
20-Jun-12,8.38,96937
21-Jun-12,8.29,99212
22-Jun-12,8.16,1857452
25-Jun-12,7.97,93742
26-Jun-12,8.01,60414
27-Jun-12,8.05,88744
28-Jun-12,8.03,68430
29-Jun-12,8.32,62596
2-Jul-12,8.34,77866
3-Jul-12,8.5,27447
5-Jul-12,8.59,20743
6-Jul-12,8.56,26334
9-Jul-12,8.68,55692
10-Jul-12,8.74,55468
11-Jul-12,8.67,97922
12-Jul-12,8.68,62244
13-Jul-12,8.75,68581
16-Jul-12,8.71,57182
17-Jul-12,8.74,52851
18-Jul-12,8.75,43015
19-Jul-12,8.72,42643
20-Jul-12,8.6,57801
23-Jul-12,8.23,40761
24-Jul-12,7.99,39647
25-Jul-12,7.79,36445
26-Jul-12,7.88,25287
27-Jul-12,8.29,35588
30-Jul-12,8.1,67083
31-Jul-12,8.08,51506
1-Aug-12,7.95,32032
2-Aug-12,7.76,35490
3-Aug-12,7.99,41403
6-Aug-12,7.96,28039
7-Aug-12,8.19,69187
8-Aug-12,8.5,43778
9-Aug-12,8.59,36734
10-Aug-12,8.69,40098
13-Aug-12,8.83,73307
14-Aug-12,8.9,79620
15-Aug-12,8.85,54456
16-Aug-12,8.85,41194
17-Aug-12,8.83,59833
20-Aug-12,8.85,16068
21-Aug-12,8.95,52258
22-Aug-12,8.83,20764
23-Aug-12,8.53,33327
24-Aug-12,8.5,17304
27-Aug-12,8.61,48260
28-Aug-12,8.78,18993
29-Aug-12,8.84,63575
30-Aug-12,8.85,65332
31-Aug-12,9.04,57064
4-Sep-12,9.33,90638
5-Sep-12,9.18,59967
6-Sep-12,9.36,72139
7-Sep-12,9.27,46886
10-Sep-12,9.51,78638
11-Sep-12,9.63,118904
12-Sep-12,9.58,110690
13-Sep-12,9.95,80805
14-Sep-12,10.25,106978
17-Sep-12,10.38,90538
18-Sep-12,10.08,65047
19-Sep-12,9.86,33693
20-Sep-12,9.82,24073
21-Sep-12,9.82,66185
24-Sep-12,9.9,44485
25-Sep-12,9.58,54551
26-Sep-12,9.59,29009
27-Sep-12,9.57,55243
28-Sep-12,9.67,26511
1-Oct-12,9.55,33992
2-Oct-12,9.52,18972
3-Oct-12,9.28,87061
4-Oct-12,9.64,46259
5-Oct-12,9.54,23651
8-Oct-12,9.41,80060
9-Oct-12,9.49,13713
10-Oct-12,9.51,23685
11-Oct-12,9.67,12060
12-Oct-12,9.7,92892
15-Oct-12,9.89,21379
16-Oct-12,9.9,16186
17-Oct-12,10.32,62836
18-Oct-12,10.27,19873
19-Oct-12,9.97,49301
22-Oct-12,10.43,72313
23-Oct-12,10.13,26338
24-Oct-12,10.78,90686
25-Oct-12,10.97,30414
26-Oct-12,10.59,30348
31-Oct-12,10.63,45836
1-Nov-12,11.22,66319
2-Nov-12,10.85,38546
5-Nov-12,11.27,48601
6-Nov-12,11.43,28152
7-Nov-12,11.03,44893
8-Nov-12,10.85,35118
9-Nov-12,10.84,25813
12-Nov-12,10.88,64230
13-Nov-12,10.92,32159
14-Nov-12,10.8,35127
15-Nov-12,10.66,61824
16-Nov-12,10.92,54770
19-Nov-12,11.2,34710
20-Nov-12,11.08,30036
21-Nov-12,11.16,12581
23-Nov-12,11.21,13346
26-Nov-12,11.06,34948
27-Nov-12,10.86,64901
28-Nov-12,10.88,43767
29-Nov-12,11.11,37277
30-Nov-12,11.11,31390
3-Dec-12,11.14,47659
4-Dec-12,11.17,14711
5-Dec-12,11.07,34019
6-Dec-12,11.12,41311
7-Dec-12,11.14,16852
10-Dec-12,11.19,37150
11-Dec-12,11.35,85559
12-Dec-12,11.29,22714
13-Dec-12,11.24,49289
14-Dec-12,11.42,26870
17-Dec-12,11.5,46152
18-Dec-12,11.79,28677
19-Dec-12,11.91,32085
20-Dec-12,11.87,42892
21-Dec-12,11.56,121973
24-Dec-12,11.52,20912
26-Dec-12,11.43,34132
27-Dec-12,11.53,24862
28-Dec-12,11.65,40313
31-Dec-12,11.87,62893
2-Jan-13,13.45,208069
3-Jan-13,12.9,105931
4-Jan-13,13.22,54792
7-Jan-13,13.05,33288
8-Jan-13,13.0,32097
9-Jan-13,12.92,36977
10-Jan-13,12.98,17108
11-Jan-13,12.9,20466
14-Jan-13,13.06,51980
15-Jan-13,13.08,23368
16-Jan-13,13.07,18684
17-Jan-13,13.15,47151
18-Jan-13,13.85,49134
22-Jan-13,13.96,37969
23-Jan-13,14.33,42908
24-Jan-13,13.66,70165
25-Jan-13,13.66,58897
28-Jan-13,13.59,62200
29-Jan-13,14.02,39522
30-Jan-13,13.85,59354
31-Jan-13,13.98,68859
1-Feb-13,14.04,40551
4-Feb-13,13.95,49141
5-Feb-13,14.24,46994
6-Feb-13,14.59,44946
7-Feb-13,14.67,57615
8-Feb-13,14.72,28834
11-Feb-13,14.35,48176
12-Feb-13,14.81,49207
13-Feb-13,15.18,52469
14-Feb-13,15.24,37109
15-Feb-13,15.67,83689
19-Feb-13,16.28,234577
20-Feb-13,15.41,151377
21-Feb-13,15.39,64728
22-Feb-13,16.33,104029
25-Feb-13,16.45,152101
26-Feb-13,16.99,195619
27-Feb-13,17.62,205065
28-Feb-13,18.2,141877
1-Mar-13,17.96,185237
4-Mar-13,18.35,178311
5-Mar-13,18.91,192177
6-Mar-13,19.09,174415
7-Mar-13,19.4,234916
8-Mar-13,19.4,292850
11-Mar-13,19.4,199169
12-Mar-13,19.4,174378
13-Mar-13,19.33,131411
14-Mar-13,19.61,248491
15-Mar-13,19.25,445365
18-Mar-13,19.42,245407
19-Mar-13,19.61,189780
20-Mar-13,20.52,212492
21-Mar-13,20.38,216712
22-Mar-13,20.15,200509
25-Mar-13,20.76,237140
26-Mar-13,20.97,180448
27-Mar-13,21.12,217781
28-Mar-13,21.25,198441
1-Apr-13,21.42,216259
2-Apr-13,21.49,197407
3-Apr-13,20.35,210853
4-Apr-13,21.44,215566
5-Apr-13,20.79,178773
8-Apr-13,21.01,132916
9-Apr-13,21.5,155120
10-Apr-13,21.63,229600
11-Apr-13,21.48,184013
12-Apr-13,20.05,241496
15-Apr-13,17.21,847707
16-Apr-13,17.49,294827
17-Apr-13,17.07,199787
18-Apr-13,16.78,132783
19-Apr-13,16.84,137486
22-Apr-13,16.74,158020
23-Apr-13,17.8,295786
24-Apr-13,17.59,258722
25-Apr-13,17.91,144396
26-Apr-13,17.5,100860
29-Apr-13,17.45,176250
30-Apr-13,17.49,143057
1-May-13,16.68,227419
2-May-13,16.69,169135
3-May-13,16.88,606809
6-May-13,17.13,91854
7-May-13,17.15,107348
8-May-13,17.07,143097
9-May-13,16.83,85133
10-May-13,17.33,66730
13-May-13,17.2,131746
14-May-13,17.25,177666
15-May-13,17.42,76690
16-May-13,17.45,123143
17-May-13,17.59,117538
20-May-13,17.47,78148
21-May-13,17.5,90614
22-May-13,16.73,146802
23-May-13,16.6,111659
24-May-13,17.22,172712
28-May-13,17.95,137849
29-May-13,19.55,377584
30-May-13,19.57,228723
31-May-13,18.93,91406
3-Jun-13,18.96,108797
4-Jun-13,18.14,87894
5-Jun-13,17.54,80152
6-Jun-13,18.23,101416
7-Jun-13,19.04,139793
10-Jun-13,18.86,77214
11-Jun-13,18.73,47838
12-Jun-13,18.75,88283
13-Jun-13,19.27,88171
14-Jun-13,18.71,129473
17-Jun-13,18.91,62461
18-Jun-13,19.06,52613
19-Jun-13,18.61,46871
20-Jun-13,17.14,192091
21-Jun-13,17.2,123062
24-Jun-13,17.2,150980
25-Jun-13,17.45,76427
26-Jun-13,16.98,121730
27-Jun-13,17.22,78802
28-Jun-13,16.95,530544
1-Jul-13,17.45,45496
2-Jul-13,17.43,63480
3-Jul-13,17.4,44711
5-Jul-13,17.6,71755
8-Jul-13,18.12,70736
9-Jul-13,18.3,106149
10-Jul-13,18.56,101207
11-Jul-13,18.76,75585
12-Jul-13,18.7,89341
15-Jul-13,18.9,144105
16-Jul-13,19.03,90298
17-Jul-13,18.81,71698
18-Jul-13,19.16,128061
19-Jul-13,18.82,51448
22-Jul-13,18.82,71546
23-Jul-13,18.81,57037
24-Jul-13,18.41,77511
25-Jul-13,19.29,130563
26-Jul-13,18.6,96779
29-Jul-13,18.47,38817
30-Jul-13,18.5,26057
31-Jul-13,18.76,57951
1-Aug-13,18.78,51889
2-Aug-13,17.9,107674
5-Aug-13,18.01,60726
6-Aug-13,17.7,68432
7-Aug-13,18.02,61259
8-Aug-13,17.99,42934
9-Aug-13,18.01,82574
12-Aug-13,18.6,48794
13-Aug-13,18.96,182056
14-Aug-13,18.89,62278
15-Aug-13,18.48,36989
16-Aug-13,18.66,63999
19-Aug-13,18.25,35703
20-Aug-13,18.19,39287
21-Aug-13,18.0,36472
22-Aug-13,18.29,14151
23-Aug-13,17.87,38194
26-Aug-13,17.86,65255
27-Aug-13,17.44,60286
28-Aug-13,17.36,61232
29-Aug-13,17.65,43903
30-Aug-13,17.62,39436
3-Sep-13,17.72,31292
4-Sep-13,17.69,32236
5-Sep-13,17.77,35401
6-Sep-13,18.78,96715
9-Sep-13,18.74,81754
10-Sep-13,18.81,111400
11-Sep-13,18.8,40821
12-Sep-13,18.81,69336
13-Sep-13,18.79,84439
16-Sep-13,18.75,88802
17-Sep-13,18.81,50842
18-Sep-13,18.85,106017
19-Sep-13,18.89,71377
20-Sep-13,18.78,154393
23-Sep-13,18.85,77103
24-Sep-13,18.78,81904
25-Sep-13,18.74,54080
26-Sep-13,18.89,142423
27-Sep-13,18.91,162136
30-Sep-13,19.4,113124
1-Oct-13,19.8,67535
2-Oct-13,19.42,84279
3-Oct-13,19.22,43684
4-Oct-13,19.28,31367
7-Oct-13,18.75,104877
8-Oct-13,18.53,93161
9-Oct-13,18.74,88244
10-Oct-13,19.31,153938
11-Oct-13,19.42,81294
14-Oct-13,19.2,80720
15-Oct-13,19.06,75822
16-Oct-13,19.17,65124
17-Oct-13,19.75,91954
18-Oct-13,19.68,62615
21-Oct-13,20.0,78991
22-Oct-13,19.97,56314
23-Oct-13,20.0,48876
24-Oct-13,20.08,98011
25-Oct-13,20.18,59900
28-Oct-13,19.98,93071
29-Oct-13,20.0,49516
30-Oct-13,20.05,72072
31-Oct-13,20.09,152342
1-Nov-13,20.19,58348
4-Nov-13,20.0,53453
5-Nov-13,19.66,105256
6-Nov-13,19.53,274972
7-Nov-13,19.18,77833
8-Nov-13,19.3,67953
11-Nov-13,19.42,33813
12-Nov-13,19.32,75966
13-Nov-13,19.24,50102
14-Nov-13,19.06,124969
15-Nov-13,19.5,61857
18-Nov-13,18.63,88817
19-Nov-13,18.79,77715
20-Nov-13,18.47,87405
21-Nov-13,18.25,147164
22-Nov-13,18.36,69812
25-Nov-13,18.66,92985
26-Nov-13,18.66,53221
27-Nov-13,18.72,34507
29-Nov-13,18.77,27722
2-Dec-13,18.41,62613
3-Dec-13,18.77,43469
4-Dec-13,18.51,23864
5-Dec-13,18.39,17611
6-Dec-13,18.38,33595
9-Dec-13,18.27,26723
10-Dec-13,17.87,69970
11-Dec-13,17.79,64152
12-Dec-13,17.48,68635
13-Dec-13,17.47,34455
16-Dec-13,17.2,68434
17-Dec-13,17.42,101019
18-Dec-13,17.93,56149
19-Dec-13,17.48,49853
20-Dec-13,17.94,116515
23-Dec-13,17.92,62150
24-Dec-13,17.76,44680
26-Dec-13,19.57,181787
27-Dec-13,20.44,213367
30-Dec-13,19.74,168470
31-Dec-13,19.53,45601
2-Jan-14,20.3,164521
3-Jan-14,20.37,145081
6-Jan-14,20.29,190524
7-Jan-14,20.48,155801
8-Jan-14,20.4,167084
9-Jan-14,20.48,194977
10-Jan-14,20.86,187546
13-Jan-14,21.44,192308
14-Jan-14,21.86,245669
15-Jan-14,21.72,171687
16-Jan-14,21.79,123712
17-Jan-14,21.79,73600
21-Jan-14,21.58,183425
22-Jan-14,21.92,230167
23-Jan-14,21.91,135848
24-Jan-14,21.09,58653
27-Jan-14,20.63,57442
28-Jan-14,20.8,83914
29-Jan-14,20.53,73470
30-Jan-14,21.02,79206
31-Jan-14,21.4,107919
3-Feb-14,20.16,109931
4-Feb-14,21.0,143734
5-Feb-14,20.37,111339
6-Feb-14,20.3,54974
7-Feb-14,20.61,101482
10-Feb-14,20.42,40925
11-Feb-14,20.75,43395
12-Feb-14,20.98,62033
13-Feb-14,20.89,43350
14-Feb-14,20.94,37614
18-Feb-14,21.14,31857
19-Feb-14,20.98,47510
20-Feb-14,21.03,37264
21-Feb-14,20.64,77884
24-Feb-14,20.4,50984
25-Feb-14,20.26,71293
26-Feb-14,20.38,66963
27-Feb-14,20.47,62336
28-Feb-14,20.43,37503
3-Mar-14,20.49,54821
4-Mar-14,20.85,74010
5-Mar-14,20.71,83953
6-Mar-14,19.47,275220
7-Mar-14,19.83,143113
10-Mar-14,19.23,252495
11-Mar-14,19.02,144417
12-Mar-14,18.67,217844
13-Mar-14,17.03,2073395
14-Mar-14,17.13,1165361
17-Mar-14,18.03,728187
18-Mar-14,18.33,928861
19-Mar-14,17.72,275149
20-Mar-14,17.72,361838
21-Mar-14,17.61,275767
24-Mar-14,17.36,160346
25-Mar-14,17.82,205226
26-Mar-14,17.84,261942
27-Mar-14,17.65,155860
28-Mar-14,17.59,97871
31-Mar-14,18.24,180282
1-Apr-14,18.27,123074
2-Apr-14,18.33,102797
3-Apr-14,18.32,249895
4-Apr-14,17.99,124728
7-Apr-14,17.78,275612
8-Apr-14,18.09,357763
9-Apr-14,18.24,235551
10-Apr-14,17.85,154554
11-Apr-14,17.56,193948
14-Apr-14,17.33,127102
15-Apr-14,17.3,141505
16-Apr-14,17.44,94106
17-Apr-14,17.6,250496
21-Apr-14,17.37,118034
22-Apr-14,17.34,67818
23-Apr-14,17.04,81581
24-Apr-14,17.02,332126
25-Apr-14,16.96,198323
28-Apr-14,16.34,346069
29-Apr-14,16.03,166633
30-Apr-14,16.09,359956
1-May-14,16.12,193737
2-May-14,16.23,96287
5-May-14,16.18,78844
6-May-14,15.98,82053
7-May-14,15.79,120481
8-May-14,15.62,161311
9-May-14,15.66,98938
12-May-14,16.04,94185
13-May-14,15.81,77974
14-May-14,16.67,254142
15-May-14,16.86,235518
16-May-14,16.91,148236
19-May-14,16.88,129099
20-May-14,16.73,161657
21-May-14,17.0,180160
22-May-14,17.21,135495
23-May-14,17.3,168486
27-May-14,17.9,191831
28-May-14,18.44,156481
29-May-14,18.32,213219
30-May-14,18.37,131832
2-Jun-14,17.96,129185
3-Jun-14,17.33,121791
4-Jun-14,17.66,92797
5-Jun-14,17.85,67799
6-Jun-14,17.9,49917
9-Jun-14,17.84,47171
10-Jun-14,17.68,70604
11-Jun-14,17.69,53733
12-Jun-14,17.6,133024
13-Jun-14,17.21,100527
16-Jun-14,17.23,65414
17-Jun-14,17.21,113369
18-Jun-14,17.93,90125
19-Jun-14,17.73,59403
20-Jun-14,17.44,109190
23-Jun-14,17.36,38546
24-Jun-14,17.23,39911
25-Jun-14,17.33,70873
26-Jun-14,17.21,59426
27-Jun-14,17.2,387025
30-Jun-14,17.13,124453
1-Jul-14,17.49,382118
2-Jul-14,17.33,55654
3-Jul-14,17.3,29329
7-Jul-14,16.92,59668
8-Jul-14,16.61,90355
9-Jul-14,16.53,78443
10-Jul-14,16.41,73885
11-Jul-14,16.26,95264
14-Jul-14,16.52,159440
15-Jul-14,16.2,103423
16-Jul-14,16.14,79013
17-Jul-14,16.04,140664
18-Jul-14,16.08,158645
21-Jul-14,16.0,71765
22-Jul-14,16.27,209360
23-Jul-14,16.17,57858
24-Jul-14,16.29,85436
25-Jul-14,16.09,118345
28-Jul-14,16.07,64289
29-Jul-14,16.16,73891
30-Jul-14,16.19,43151
31-Jul-14,16.13,96750
1-Aug-14,16.04,64031
4-Aug-14,16.04,72000
5-Aug-14,16.02,63979
6-Aug-14,17.88,316418
7-Aug-14,17.72,139826
8-Aug-14,17.59,85433
11-Aug-14,17.54,77732
12-Aug-14,17.77,62933
13-Aug-14,17.87,56980
14-Aug-14,18.05,103677
15-Aug-14,18.19,118953
18-Aug-14,18.59,136186
19-Aug-14,18.45,52745
20-Aug-14,18.41,60487
21-Aug-14,18.84,109462
22-Aug-14,18.49,47482
25-Aug-14,18.4,45355
26-Aug-14,18.56,53571
27-Aug-14,18.59,54463
28-Aug-14,18.52,37628
29-Aug-14,18.64,55868
2-Sep-14,18.86,84319
3-Sep-14,18.83,52831
4-Sep-14,18.41,35720
5-Sep-14,18.5,110381
8-Sep-14,18.56,102512
9-Sep-14,18.52,44232
10-Sep-14,18.6,60434
11-Sep-14,18.62,44805
12-Sep-14,18.54,65936
15-Sep-14,18.45,95219
16-Sep-14,18.57,34348
17-Sep-14,18.63,56951
18-Sep-14,18.61,59189
19-Sep-14,18.26,63919
22-Sep-14,18.22,54221
23-Sep-14,17.91,49837
24-Sep-14,18.08,59977
25-Sep-14,17.78,47390
26-Sep-14,17.73,25299
29-Sep-14,17.66,39234
30-Sep-14,17.33,56028
1-Oct-14,17.31,68500
2-Oct-14,17.66,45748
3-Oct-14,17.97,52050
6-Oct-14,17.95,114298
7-Oct-14,17.84,60935
8-Oct-14,18.04,70847
9-Oct-14,17.99,62120
10-Oct-14,17.87,96110
13-Oct-14,18.07,47697
14-Oct-14,18.22,74711
15-Oct-14,18.16,65455
16-Oct-14,18.45,38564
17-Oct-14,18.06,67722
20-Oct-14,17.91,62625
21-Oct-14,18.59,201709
22-Oct-14,18.42,37184
23-Oct-14,18.73,215979
24-Oct-14,18.89,35246
27-Oct-14,18.96,79344
28-Oct-14,19.23,103793
29-Oct-14,18.99,66942
30-Oct-14,19.49,110512
31-Oct-14,19.96,114376
3-Nov-14,19.58,69055
4-Nov-14,19.46,49884
5-Nov-14,19.47,50073
6-Nov-14,19.41,38065
7-Nov-14,19.18,38802
10-Nov-14,19.31,48224
11-Nov-14,19.01,60582
12-Nov-14,19.3,125551
13-Nov-14,19.43,75161
14-Nov-14,19.47,60468
17-Nov-14,19.57,70295
18-Nov-14,19.53,54290
19-Nov-14,19.25,45783
20-Nov-14,19.55,29953
21-Nov-14,19.62,44481
24-Nov-14,19.52,30735
25-Nov-14,19.6,45030
26-Nov-14,19.52,17822
28-Nov-14,19.21,32882
1-Dec-14,19.37,64674
2-Dec-14,19.44,28779
3-Dec-14,19.49,36358
4-Dec-14,19.43,28396
5-Dec-14,19.55,25256
8-Dec-14,19.26,24156
9-Dec-14,19.98,57856
10-Dec-14,19.3,50674
11-Dec-14,19.35,30366
12-Dec-14,19.34,33276
15-Dec-14,19.35,57982
16-Dec-14,19.73,66301
17-Dec-14,20.08,79823
18-Dec-14,20.49,82789
19-Dec-14,20.78,263695
22-Dec-14,20.88,88628
23-Dec-14,20.81,23827
24-Dec-14,20.86,17571
26-Dec-14,20.95,22870
29-Dec-14,21.19,45147
30-Dec-14,21.0,31574
31-Dec-14,20.95,26924
2-Jan-15,20.16,42314
5-Jan-15,20.05,46558
6-Jan-15,20.16,68647
7-Jan-15,20.15,28498
8-Jan-15,20.57,101649
9-Jan-15,20.44,41242
12-Jan-15,20.19,38420
13-Jan-15,20.3,115644
14-Jan-15,20.68,38557
15-Jan-15,21.53,240027
16-Jan-15,21.45,68729
20-Jan-15,21.29,64745
21-Jan-15,21.05,29904
22-Jan-15,21.68,225794
23-Jan-15,21.81,56848
26-Jan-15,22.38,137243
27-Jan-15,22.66,136343
28-Jan-15,22.77,128699
29-Jan-15,22.47,101614
30-Jan-15,21.8,64608
2-Feb-15,22.03,27084
3-Feb-15,22.43,54960
4-Feb-15,22.33,35744
5-Feb-15,22.32,42488
6-Feb-15,22.33,157479
9-Feb-15,21.84,66384
10-Feb-15,21.75,28824
11-Feb-15,21.88,63208
12-Feb-15,22.07,56282
13-Feb-15,22.33,48786
17-Feb-15,22.47,47272
18-Feb-15,22.69,54005
19-Feb-15,22.79,40239
20-Feb-15,22.68,47698
23-Feb-15,22.55,38805
24-Feb-15,22.58,44509
25-Feb-15,22.49,237080
26-Feb-15,22.77,132512
27-Feb-15,22.99,201985
2-Mar-15,23.44,97386
3-Mar-15,23.97,170753
4-Mar-15,23.67,124202
5-Mar-15,23.83,80895
6-Mar-15,23.41,96802
9-Mar-15,23.9,85771
10-Mar-15,23.95,91444
11-Mar-15,24.06,45272
12-Mar-15,24.1,99783
13-Mar-15,24.29,65345
16-Mar-15,24.32,125589
17-Mar-15,24.51,110857
18-Mar-15,24.25,709721
19-Mar-15,24.35,86846
20-Mar-15,24.63,244102
23-Mar-15,24.55,101661
24-Mar-15,25.0,103670
25-Mar-15,24.74,278736
26-Mar-15,24.76,99254
27-Mar-15,24.69,112036
30-Mar-15,24.1,84671
31-Mar-15,23.87,124599
1-Apr-15,23.55,99855
2-Apr-15,23.54,80257
6-Apr-15,23.62,83059
7-Apr-15,23.39,197335
8-Apr-15,23.55,47962
9-Apr-15,23.45,57904
10-Apr-15,23.66,47167
13-Apr-15,23.56,69418
14-Apr-15,23.25,159071
15-Apr-15,24.06,215149
16-Apr-15,24.17,55670
17-Apr-15,23.57,59477
20-Apr-15,23.76,29478
21-Apr-15,23.86,292066
22-Apr-15,24.29,40105
23-Apr-15,24.11,54435
24-Apr-15,24.11,63760
27-Apr-15,23.95,63047
28-Apr-15,24.12,36428
29-Apr-15,23.99,69225
30-Apr-15,23.64,107811
1-May-15,23.6,56725
4-May-15,23.65,223786
5-May-15,23.63,160430
6-May-15,24.31,282218
7-May-15,24.45,230191
8-May-15,24.47,192937
11-May-15,24.47,88011
12-May-15,24.43,72063
13-May-15,24.5,137372
14-May-15,25.0,79700
15-May-15,25.17,91983
18-May-15,25.4,137329
19-May-15,25.39,199390
20-May-15,25.33,60004
21-May-15,25.44,105910
22-May-15,25.34,116931
26-May-15,24.92,100550
27-May-15,25.13,52362
28-May-15,25.01,47503
29-May-15,24.88,170154
1-Jun-15,25.05,90902
2-Jun-15,25.03,83208
3-Jun-15,24.96,187058
4-Jun-15,24.89,205796
5-Jun-15,24.85,56423
8-Jun-15,24.54,75997
9-Jun-15,24.6,86348
10-Jun-15,24.33,219156
11-Jun-15,24.21,183417
12-Jun-15,24.33,80152
15-Jun-15,24.07,136470
16-Jun-15,24.18,90966
17-Jun-15,24.34,181224
18-Jun-15,24.41,87130
19-Jun-15,24.75,334849
22-Jun-15,24.52,128920
23-Jun-15,24.67,166436
24-Jun-15,24.39,73416
25-Jun-15,24.4,83148
26-Jun-15,24.35,125970
29-Jun-15,23.68,87770
30-Jun-15,23.88,42429
1-Jul-15,23.9,49872
2-Jul-15,23.76,52424
6-Jul-15,23.95,84018
7-Jul-15,23.78,93921
8-Jul-15,23.06,168036
9-Jul-15,23.35,47836
10-Jul-15,23.29,132071
13-Jul-15,23.59,140336
14-Jul-15,23.85,56717
15-Jul-15,23.53,54559
16-Jul-15,23.63,76083
17-Jul-15,23.67,41702
20-Jul-15,23.58,161480
21-Jul-15,23.68,117231
22-Jul-15,24.5,98640
23-Jul-15,24.25,100499
24-Jul-15,23.84,73837
27-Jul-15,23.64,47990
28-Jul-15,23.37,51597
29-Jul-15,23.69,85895
30-Jul-15,23.62,63126
31-Jul-15,24.03,59966
3-Aug-15,23.42,66049
4-Aug-15,23.25,72015
5-Aug-15,22.65,594866
6-Aug-15,22.81,126691
7-Aug-15,22.73,160863
10-Aug-15,23.34,168138
11-Aug-15,23.68,98689
12-Aug-15,23.45,86541
13-Aug-15,23.42,157319
14-Aug-15,23.42,126845
17-Aug-15,23.8,96187
18-Aug-15,23.74,74439
19-Aug-15,23.54,85561
20-Aug-15,23.45,114223
21-Aug-15,23.34,171784
24-Aug-15,21.71,232531
25-Aug-15,22.11,153473
26-Aug-15,22.23,211213
27-Aug-15,22.96,613814
28-Aug-15,23.24,240996
31-Aug-15,22.95,216764
1-Sep-15,21.96,210685
2-Sep-15,22.19,260523
3-Sep-15,22.44,133938
4-Sep-15,22.64,132510
8-Sep-15,23.0,85153
9-Sep-15,22.68,63523
10-Sep-15,22.61,30425
11-Sep-15,22.78,78073
14-Sep-15,22.43,105591
15-Sep-15,22.27,42766
16-Sep-15,22.16,47173
17-Sep-15,22.28,85112
18-Sep-15,21.62,188099
21-Sep-15,21.74,114436
22-Sep-15,21.4,176023
23-Sep-15,21.21,191020
24-Sep-15,21.05,67466
25-Sep-15,20.79,159549
28-Sep-15,20.67,101039
29-Sep-15,20.89,245969
30-Sep-15,21.59,184837
1-Oct-15,21.65,53122
2-Oct-15,21.59,45920
5-Oct-15,21.85,69091
6-Oct-15,21.23,140450
7-Oct-15,21.2,183527
8-Oct-15,21.2,89749
9-Oct-15,21.46,78847
12-Oct-15,21.69,28817
13-Oct-15,21.94,126987
14-Oct-15,21.99,152131
15-Oct-15,22.21,122758
16-Oct-15,21.92,62001
19-Oct-15,22.03,80300
20-Oct-15,22.25,74465
21-Oct-15,22.06,146175
22-Oct-15,21.83,92026
23-Oct-15,21.99,172245
26-Oct-15,21.85,48195
27-Oct-15,21.43,61489
28-Oct-15,22.21,89501
29-Oct-15,21.54,126056
30-Oct-15,21.51,121130
2-Nov-15,21.6,185522
3-Nov-15,21.46,183529
4-Nov-15,21.98,118266
5-Nov-15,22.94,176892
6-Nov-15,24.13,170591
9-Nov-15,23.35,167615
10-Nov-15,23.45,238869
11-Nov-15,23.8,188818
12-Nov-15,23.15,150791
13-Nov-15,23.62,115181
16-Nov-15,23.72,82348
17-Nov-15,24.4,221135
18-Nov-15,24.88,200180
19-Nov-15,23.95,126825
20-Nov-15,24.09,129241
23-Nov-15,24.5,278979
24-Nov-15,24.87,194926
25-Nov-15,24.94,90660
27-Nov-15,24.79,85084
30-Nov-15,24.69,143772
1-Dec-15,24.84,108127
2-Dec-15,25.56,202075
3-Dec-15,24.67,165207
4-Dec-15,25.59,143365
7-Dec-15,25.23,82273
8-Dec-15,24.77,61362
9-Dec-15,24.36,123213
10-Dec-15,24.28,53202
11-Dec-15,23.96,111576
14-Dec-15,24.25,160394
15-Dec-15,24.34,86656
16-Dec-15,24.42,75174
17-Dec-15,24.39,63631
18-Dec-15,24.37,234713
21-Dec-15,24.21,53618
22-Dec-15,24.32,57099
23-Dec-15,24.7,93360
24-Dec-15,24.4,26849
28-Dec-15,24.27,58255
29-Dec-15,24.69,61884
30-Dec-15,24.19,63002
31-Dec-15,24.1,163158
4-Jan-16,23.43,93623
5-Jan-16,23.49,131089
6-Jan-16,23.37,51588
7-Jan-16,22.82,75600
8-Jan-16,22.59,120962
11-Jan-16,22.46,90672
12-Jan-16,22.58,144395
13-Jan-16,22.21,270272
14-Jan-16,22.5,76480
15-Jan-16,22.2,129918
19-Jan-16,21.94,61180
20-Jan-16,22.35,100053
21-Jan-16,22.05,92842
22-Jan-16,22.12,155406
25-Jan-16,21.99,71880
26-Jan-16,21.99,61512
27-Jan-16,21.91,66982
28-Jan-16,22.08,57843
29-Jan-16,22.19,126168
1-Feb-16,22.48,94112
2-Feb-16,22.08,150486
3-Feb-16,22.0,108455
4-Feb-16,21.31,171731
5-Feb-16,20.9,91634
8-Feb-16,20.9,76841
9-Feb-16,20.66,36912
10-Feb-16,20.42,61927
11-Feb-16,20.75,142616
12-Feb-16,20.41,66944
16-Feb-16,20.6,122191
17-Feb-16,20.96,153017
18-Feb-16,20.56,238545
19-Feb-16,21.07,59152
22-Feb-16,20.83,78068
23-Feb-16,20.06,142786
24-Feb-16,20.08,227889
25-Feb-16,20.95,180884
26-Feb-16,20.69,80247
29-Feb-16,20.61,75618
1-Mar-16,20.71,46914
2-Mar-16,20.83,104515
3-Mar-16,20.78,68299
4-Mar-16,20.8,105181
7-Mar-16,20.57,112902
8-Mar-16,20.32,171423
9-Mar-16,20.55,92533
10-Mar-16,20.41,56519
11-Mar-16,20.8,46086
14-Mar-16,20.59,60689
15-Mar-16,20.35,108641
16-Mar-16,20.44,75795
17-Mar-16,20.47,54382
18-Mar-16,20.97,133896
21-Mar-16,21.01,96835
22-Mar-16,20.87,72486
23-Mar-16,20.76,65220
24-Mar-16,20.67,182959
28-Mar-16,20.8,49249
29-Mar-16,21.16,132582
30-Mar-16,21.34,170665
31-Mar-16,21.61,77946
1-Apr-16,21.7,85084
4-Apr-16,21.86,123121
5-Apr-16,21.66,113914
6-Apr-16,21.6,53543
7-Apr-16,21.38,54878
8-Apr-16,21.53,71433
11-Apr-16,21.54,131680
12-Apr-16,22.05,196817
13-Apr-16,22.31,86562
14-Apr-16,22.24,37990
15-Apr-16,21.85,244815
18-Apr-16,22.27,174745
19-Apr-16,22.32,64965
20-Apr-16,22.17,89515
21-Apr-16,22.21,56718
22-Apr-16,23.36,358633
25-Apr-16,23.73,117471
26-Apr-16,24.31,362172
27-Apr-16,24.7,156037
28-Apr-16,24.85,113645
29-Apr-16,24.43,63302
2-May-16,24.2,162040
3-May-16,23.76,231032
4-May-16,23.65,86233
5-May-16,23.47,101149
6-May-16,23.71,51433
9-May-16,23.84,91980
10-May-16,23.73,42625
11-May-16,23.49,58286
12-May-16,23.56,71932
13-May-16,23.53,37831
16-May-16,23.58,80098
17-May-16,23.35,290362
18-May-16,23.28,63370
19-May-16,23.11,67658
20-May-16,23.35,47219
23-May-16,23.0,66027
24-May-16,23.25,306955
25-May-16,22.99,59498
26-May-16,22.9,59760
27-May-16,23.21,290528
31-May-16,23.54,82595
1-Jun-16,23.65,61763
2-Jun-16,23.79,63416
3-Jun-16,23.4,32951
6-Jun-16,23.46,37280
7-Jun-16,23.39,26048
8-Jun-16,23.4,34049
9-Jun-16,23.3,43030
10-Jun-16,23.05,43569
13-Jun-16,22.68,50215
14-Jun-16,22.65,58792
15-Jun-16,22.72,58013
16-Jun-16,22.82,63279
17-Jun-16,22.37,200614
20-Jun-16,22.48,40496
21-Jun-16,22.7,89171
22-Jun-16,22.53,70107
23-Jun-16,22.85,53609
24-Jun-16,22.62,447374
27-Jun-16,22.01,102907
28-Jun-16,22.27,79946
29-Jun-16,22.81,62721
30-Jun-16,23.68,117566
1-Jul-16,23.28,51307
5-Jul-16,23.03,93099
6-Jul-16,23.47,59774
7-Jul-16,23.66,162414
8-Jul-16,24.05,105301
11-Jul-16,24.26,60318
12-Jul-16,24.16,55514
13-Jul-16,24.37,100719
14-Jul-16,24.32,56295
15-Jul-16,24.32,94904
18-Jul-16,24.37,47741
19-Jul-16,24.15,85135
20-Jul-16,24.19,36739
21-Jul-16,24.43,165625
22-Jul-16,24.89,51983
25-Jul-16,24.67,33434
26-Jul-16,24.67,66189
27-Jul-16,24.36,63874
28-Jul-16,24.48,150377
29-Jul-16,24.31,53826
1-Aug-16,23.66,145312
2-Aug-16,23.37,58363
3-Aug-16,23.54,89742
4-Aug-16,23.32,49594
5-Aug-16,23.7,48308
8-Aug-16,23.97,106135
9-Aug-16,23.55,65595
10-Aug-16,23.4,43356
11-Aug-16,23.45,82456
12-Aug-16,23.75,94279
15-Aug-16,23.9,79144
16-Aug-16,23.77,69985
17-Aug-16,23.63,55997
18-Aug-16,23.74,39342
19-Aug-16,23.72,204855
22-Aug-16,23.6,276381
23-Aug-16,23.87,32438
24-Aug-16,23.65,95324
25-Aug-16,23.76,73898
26-Aug-16,23.49,32729
29-Aug-16,23.44,38525
30-Aug-16,23.64,64525
31-Aug-16,23.44,40220
1-Sep-16,23.42,49547
2-Sep-16,23.84,31333
6-Sep-16,23.68,43577
7-Sep-16,23.85,143635
8-Sep-16,23.6,32717
9-Sep-16,23.03,115901
12-Sep-16,22.85,109145
13-Sep-16,22.81,59871
14-Sep-16,22.69,33891
15-Sep-16,23.01,43258
16-Sep-16,23.16,83309
19-Sep-16,23.12,34257
20-Sep-16,23.07,35429
21-Sep-16,23.38,70925
22-Sep-16,24.1,56675
23-Sep-16,24.05,56837
26-Sep-16,23.63,30054
27-Sep-16,23.64,40634
28-Sep-16,23.75,24263
29-Sep-16,23.6,42620
30-Sep-16,23.65,131474
3-Oct-16,23.63,37663
4-Oct-16,23.58,76369
5-Oct-16,23.46,29984
6-Oct-16,23.42,31026
7-Oct-16,23.21,59080
10-Oct-16,23.47,37904
11-Oct-16,23.27,58656
12-Oct-16,23.47,45555
13-Oct-16,23.38,47614
14-Oct-16,23.56,68333
17-Oct-16,23.9,130589
18-Oct-16,23.92,59752
19-Oct-16,24.5,91566
20-Oct-16,24.35,80313
21-Oct-16,24.21,172702
24-Oct-16,24.29,33201
25-Oct-16,24.26,38732
26-Oct-16,24.17,185932
27-Oct-16,24.02,136744
28-Oct-16,23.57,131610
31-Oct-16,23.64,118669
1-Nov-16,23.44,144944
2-Nov-16,23.49,123995
3-Nov-16,23.41,82621
4-Nov-16,23.48,98587
7-Nov-16,23.72,101732
8-Nov-16,24.26,190988
9-Nov-16,24.89,170208
10-Nov-16,24.38,176457
11-Nov-16,25.54,242595
14-Nov-16,25.4,148580
15-Nov-16,25.42,91295
16-Nov-16,25.81,180310
17-Nov-16,26.11,285614
18-Nov-16,26.42,72202
21-Nov-16,26.5,48355
22-Nov-16,26.73,53312
23-Nov-16,27.02,146282
25-Nov-16,26.99,48781
28-Nov-16,27.49,126051
29-Nov-16,27.37,60234
30-Nov-16,27.14,89761
1-Dec-16,27.29,111912
2-Dec-16,27.5,60494
5-Dec-16,27.79,83944
6-Dec-16,28.18,189108
7-Dec-16,28.59,116682
8-Dec-16,28.78,79949
9-Dec-16,28.78,95695
